state,last_action_name,OrganizationalEntity,TaskNumber,Overspent,Cost Type_0,Project_0,Resource,Role,ProjectNumber,ActivityNumber,travel permit number,BudgetNumber,DeclarationNumber_0,RfpNumber_0,Task_0,TotalDeclared,RequestedAmount_0,RequestedBudget,OverspentAmount,execution_time_minutes
0,start,organizational unit 65458,task 427,False,missing,missing,STAFF MEMBER,EMPLOYEE,137.68525179856115,131.44064748201438,362.08812949640287,106.04856115107914,277.51258992805754,0.0,0.0,850.3749167480728,283.8561151079137,1030.9810451288186,-183.01297548919865,100113.4413968825
1,Permit SUBMITTED by EMPLOYEE,organizational unit 65458,task 427,False,missing,missing,STAFF MEMBER,EMPLOYEE,134.92554991539762,131.45685279187816,361.25380710659897,104.67343485617597,276.8527918781726,0.0,0.0,859.3614330502635,284.20812182741116,1032.5532702005016,-176.99463967192037,106141.99323181048
2,Permit APPROVED by ADMINISTRATION,organizational unit 65458,task 427,False,missing,missing,STAFF MEMBER,ADMINISTRATION,137.80735551663747,131.63922942206656,363.30122591943956,105.20140105078809,278.4185639229422,0.0,0.0,846.4793500612244,285.0718038528897,1028.6960699732804,-183.57453117358958,103198.11938120256
3,Permit APPROVED by BUDGET OWNER,organizational unit 65456,task 427,False,missing,missing,STAFF MEMBER,BUDGET OWNER,119.675,133.65416666666667,379.4125,91.1875,291.0541666666667,0.0,0.0,830.0841572465821,300.475,1050.8236697303357,-201.64463274308255,109768.37041666666
4,Permit FINAL_APPROVED by SUPERVISOR,organizational unit 65456,task 427,False,missing,missing,STAFF MEMBER,SUPERVISOR,138.5906432748538,131.6120857699805,363.14230019493175,104.72709551656921,278.3391812865497,0.0,0.0,740.8427380917477,301.40155945419104,860.5581215083281,-107.26112700384267,97000.16624431449
5,Start trip,organizational unit 65458,task 427,False,missing,missing,STAFF MEMBER,EMPLOYEE,137.68525179856115,131.44064748201438,362.08812949640287,106.04856115107914,277.51258992805754,0.0,0.0,850.3749167480728,283.8561151079137,1030.9810451288186,-183.01297548919865,100113.4413968825
6,End trip,organizational unit 65458,task 427,False,missing,missing,STAFF MEMBER,EMPLOYEE,137.68525179856115,131.44064748201438,362.08812949640287,106.04856115107914,277.51258992805754,0.0,0.0,850.3749167480728,283.8561151079137,1030.9810451288186,-183.01297548919865,100113.4413968825
7,Declaration SUBMITTED by EMPLOYEE,organizational unit 65458,task 427,False,missing,missing,STAFF MEMBER,EMPLOYEE,130.30093209054593,131.78695073235687,362.91211717709723,103.35019973368841,278.1491344873502,0.0,0.0,899.7729822056084,290.0386151797603,1055.1418911011756,-157.89500162210518,107286.34920106524
8,Declaration APPROVED by ADMINISTRATION,organizational unit 65458,task 427,False,missing,missing,STAFF MEMBER,ADMINISTRATION,135.54623287671234,131.62842465753425,361.2140410958904,104.73972602739725,276.888698630137,0.0,0.0,864.1506448051981,289.8972602739726,1047.4129262601894,-186.05799768991756,102716.73147831051
9,Declaration APPROVED by BUDGET OWNER,organizational unit 65456,task 427,False,missing,missing,STAFF MEMBER,BUDGET OWNER,117.93589743589743,132.5940170940171,360.7264957264957,95.08547008547009,276.71367521367523,0.0,0.0,825.59501804642,307.8034188034188,1073.3009557439038,-214.90764147161903,102246.60121082622
10,Declaration FINAL_APPROVED by SUPERVISOR,organizational unit 65456,task 427,False,missing,missing,STAFF MEMBER,SUPERVISOR,135.19056261343013,131.3774954627949,360.38112522686026,104.42831215970962,276.1996370235935,0.0,0.0,794.7889183463502,298.6061705989111,982.8500184846483,-179.70331037600286,102146.06279491834
11,Request Payment,organizational unit 65456,task 427,False,missing,missing,SYSTEM,UNDEFINED,136.12456140350878,131.44736842105263,361.11578947368423,105.67894736842105,276.77719298245614,0.0,0.0,864.7434726892214,288.5157894736842,1042.7804816741534,-182.65626322778743,102351.51087719298
12,Payment Handled,organizational unit 65456,task 427,False,missing,missing,SYSTEM,UNDEFINED,135.99474605954467,131.46059544658493,360.72504378283713,105.56217162872154,276.4851138353765,0.0,0.0,863.3057130399727,288.14711033274955,1041.0408905259742,-182.32851051694473,102321.5276415645
13,archive_application,organizational unit 65458,task 427,False,missing,missing,SYSTEM,UNDEFINED,137.68525179856115,131.44064748201438,362.08812949640287,106.04856115107914,277.51258992805754,0.0,0.0,850.3749167480728,283.8561151079137,1030.9810451288186,-183.01297548919865,100113.4413968825
14,start,organizational unit 65458,missing,False,missing,missing,STAFF MEMBER,EMPLOYEE,175.30603174603175,134.92,38.724444444444444,118.90539682539682,3169.338412698413,10.20063492063492,4.972698412698413,320.99500123773015,158.47386951063092,994.3775364269598,-652.3097706081422,160227.44973544974
15,Permit SUBMITTED by EMPLOYEE,organizational unit 65458,task 427,False,missing,missing,STAFF MEMBER,EMPLOYEE,174.82285714285715,134.76444444444445,40.495873015873016,118.68698412698413,3169.338412698413,10.42031746031746,4.983492063492063,324.41870881254073,159.78265237597094,993.1745167383963,-649.3434967360222,161213.0696613757
16,Permit APPROVED by ADMINISTRATION,organizational unit 65458,missing,False,missing,missing,STAFF MEMBER,ADMINISTRATION,133.8188188188188,132.82982982982983,61.611611611611615,108.53453453453453,3169.077077077077,11.23123123123123,6.5575575575575575,260.0019465062102,117.9759955383427,1045.986283072561,-785.4416602273548,168358.25553887224
17,Request For Payment SUBMITTED by EMPLOYEE,organizational unit 65456,task 427,False,0.0,project 503,STAFF MEMBER,EMPLOYEE,192.5587044534413,135.5344129554656,362.11336032388664,99.84615384615384,3170.0,98.25910931174089,52.012145748987855,2289.7451408583934,684.1936776146794,2664.1088534972096,-868.568397439718,169563.05215924422
18,Request For Payment APPROVED by ADMINISTRATION,organizational unit 65456,task 427,False,0.0,project 503,STAFF MEMBER,ADMINISTRATION,186.28571428571428,134.92380952380952,378.54285714285714,101.8952380952381,3170.0,75.94285714285714,45.11904761904762,2346.7301006223624,653.4087897602681,2737.7594574695277,-926.6650002953108,171546.66714285716
19,Permit APPROVED by BUDGET OWNER,organizational unit 65458,missing,False,missing,missing,STAFF MEMBER,BUDGET OWNER,97.86819484240688,133.30659025787966,80.30085959885386,96.10028653295129,3170.0,14.077363896848137,7.498567335243553,289.0897431630516,129.80830796215292,1043.6712185859965,-762.8102148619431,166195.06518624641
20,Permit FINAL_APPROVED by SUPERVISOR,organizational unit 65458,missing,False,missing,missing,STAFF MEMBER,SUPERVISOR,180.09117432531,135.3377097009482,35.692195477753465,118.6075857038658,3169.2224653537564,9.407002188183807,4.316557257476295,291.7386436084247,161.5829862702685,777.7751906609105,-451.9717759838911,161614.31006564552
21,Request For Payment APPROVED by BUDGET OWNER,organizational unit 65457,task 427,False,0.0,project 503,STAFF MEMBER,BUDGET OWNER,120.59550561797752,132.01123595505618,376.53932584269666,92.88764044943821,3170.0,74.9438202247191,35.943820224719104,1676.081532600549,644.6688806135445,1992.7445305736596,-295.83289277097856,144522.00880149813
22,Request For Payment FINAL_APPROVED by SUPERVISOR,organizational unit 65456,task 427,False,0.0,project 503,STAFF MEMBER,SUPERVISOR,180.60849056603774,134.96226415094338,361.67452830188677,102.51886792452831,3170.0,104.68396226415095,50.85377358490566,2217.4288433591782,675.466236738437,2601.493697914991,-811.8606062987338,169812.56163522013
23,Request Payment,organizational unit 65458,task 427,False,missing,missing,SYSTEM,UNDEFINED,222.35704514363886,136.83994528043775,176.296853625171,122.82900136798905,3168.127222982216,43.593707250342,23.55266757865937,1321.9707813573834,506.6631368688467,1641.3951503365608,-426.0756545834662,125994.2549475604
24,Payment Handled,organizational unit 65458,task 427,False,missing,missing,SYSTEM,UNDEFINED,222.35704514363886,136.83994528043775,176.296853625171,122.82900136798905,3168.127222982216,43.593707250342,23.55266757865937,1321.9707813573834,506.6631368688467,1641.3951503365608,-426.0756545834662,125994.2549475604
25,Start trip,organizational unit 65458,missing,False,missing,missing,STAFF MEMBER,EMPLOYEE,175.30603174603175,134.92,38.724444444444444,118.90539682539682,3169.338412698413,10.20063492063492,4.972698412698413,320.99500123773015,158.47386951063092,994.3775364269598,-652.3097706081422,160227.44973544974
26,End trip,organizational unit 65458,missing,False,missing,missing,STAFF MEMBER,EMPLOYEE,175.30603174603175,134.92,38.724444444444444,118.90539682539682,3169.338412698413,10.20063492063492,4.972698412698413,320.99500123773015,158.47386951063092,994.3775364269598,-652.3097706081422,160227.44973544974
27,Send Reminder,organizational unit 65458,missing,False,missing,missing,SYSTEM,UNDEFINED,149.7895910780669,135.77397769516728,9.982899628252788,110.7903345724907,3170.0,1.341263940520446,0.7100371747211895,18.275573729477276,14.015284212842163,656.0212724808484,-615.7951960421448,225768.1694795539
28,Declaration SUBMITTED by EMPLOYEE,organizational unit 65458,task 427,False,missing,missing,STAFF MEMBER,EMPLOYEE,223.3681592039801,137.30679933665007,120.71973466003317,128.61691542288557,3167.190713101161,28.40630182421227,14.800995024875622,959.9193089764212,445.27070954792003,1254.9881663022009,-218.07776326070464,111896.82645107794
29,Declaration APPROVED by ADMINISTRATION,organizational unit 65456,task 427,False,0.0,project 503,STAFF MEMBER,ADMINISTRATION,178.11764705882354,135.22941176470587,311.6411764705882,112.91764705882353,3164.6882352941175,57.45882352941177,37.33529411764706,1468.7252660408567,641.6587154078946,1684.9515493757851,-133.7623290049237,146771.35068627453
30,Declaration APPROVED by BUDGET OWNER,organizational unit 65456,task 427,False,0.0,project 503,STAFF MEMBER,BUDGET OWNER,142.74193548387098,130.67741935483872,364.4193548387097,98.59677419354838,3170.0,67.29032258064517,41.403225806451616,1526.3743252288489,647.223653845323,1767.1501168947627,-208.5237098652764,133364.48279569892
31,Declaration FINAL_APPROVED by SUPERVISOR,organizational unit 65458,task 427,False,missing,missing,STAFF MEMBER,SUPERVISOR,236.85907335907336,137.6042471042471,95.48262548262548,130.86293436293437,3167.355212355212,24.123552123552123,12.961389961389962,893.9165984304201,438.277911192205,1193.5421464500591,-234.32345736356328,107244.81927284428
32,archive_application,organizational unit 65458,missing,False,missing,missing,SYSTEM,UNDEFINED,175.30603174603175,134.92,38.724444444444444,118.90539682539682,3169.338412698413,10.20063492063492,4.972698412698413,320.99500123773015,158.47386951063092,994.3775364269598,-652.3097706081422,160227.44973544974
33,Declaration REJECTED by ADMINISTRATION,organizational unit 65458,missing,False,missing,missing,STAFF MEMBER,ADMINISTRATION,111.95808383233533,132.34131736526948,368.8502994011976,98.49101796407186,282.5568862275449,0.0,0.0,1024.344509402253,290.5329341317365,1082.1701274313311,-59.40883573227058,123266.32974051898
34,Declaration REJECTED by EMPLOYEE,organizational unit 65458,missing,False,missing,missing,STAFF MEMBER,EMPLOYEE,112.8659217877095,132.7877094972067,369.60893854748605,96.48603351955308,283.268156424581,0.0,0.0,1019.2381028994818,294.6368715083799,1099.125473494626,-79.6158174681316,123158.16880819367
35,Declaration REJECTED by ADMINISTRATION,organizational unit 65456,task 427,False,0.0,project 503,STAFF MEMBER,ADMINISTRATION,135.6086956521739,136.5072463768116,282.1014492753623,113.57971014492753,3170.0,44.94202898550725,23.07246376811594,1282.1768294707244,488.4018784876892,1645.1404865833567,-125.10607559439798,140127.24323671494
36,Declaration REJECTED by EMPLOYEE,organizational unit 65456,task 427,False,0.0,project 503,STAFF MEMBER,EMPLOYEE,131.77215189873417,135.22784810126583,273.873417721519,112.79746835443038,3165.8734177215188,54.25316455696203,24.556962025316455,1243.5014929481254,453.068124425942,1614.2066644744252,-177.87960218381716,143247.14303797472
37,Permit SAVED by EMPLOYEE,organizational unit 65458,missing,False,missing,missing,STAFF MEMBER,EMPLOYEE,189.875,138.5625,0.0625,119.625,3170.0,0.0,0.0,0.0,0.0,1151.6762858721474,-1218.1878037022886,160892.128125
38,Permit APPROVED by SUPERVISOR,organizational unit 65458,task 427,False,missing,missing,STAFF MEMBER,SUPERVISOR,126.88372093023256,129.3953488372093,349.51162790697674,121.81395348837209,267.6511627906977,0.0,0.0,2157.1192807177185,74.53488372093024,3064.166157159322,-1086.7501446284455,137255.53798449613
39,Permit FINAL_APPROVED by DIRECTOR,organizational unit 65458,task 427,False,missing,missing,STAFF MEMBER,DIRECTOR,126.88372093023256,129.3953488372093,349.51162790697674,121.81395348837209,267.6511627906977,0.0,0.0,2157.1192807177185,74.53488372093024,3064.166157159322,-1086.7501446284455,137255.53798449613
40,Permit REJECTED by SUPERVISOR,organizational unit 65466,task 427,False,missing,missing,STAFF MEMBER,SUPERVISOR,174.66666666666666,139.0,427.3333333333333,55.666666666666664,326.5833333333333,0.0,0.0,747.9762924361576,361.6666666666667,1021.6136804475624,-194.26764077889865,243784.19027777776
41,Permit REJECTED by EMPLOYEE,organizational unit 65466,task 427,False,missing,missing,STAFF MEMBER,EMPLOYEE,92.05882352941177,131.5,354.2647058823529,84.58823529411765,271.05882352941177,0.0,0.0,880.5128650405836,281.0882352941176,1004.0971871967935,-99.65043550079193,203751.5676470588
42,Permit REJECTED by BUDGET OWNER,organizational unit 65480,task 427,False,missing,missing,STAFF MEMBER,BUDGET OWNER,13.0,139.0,332.0,146.33333333333334,253.66666666666666,0.0,0.0,518.5132212655836,204.0,633.5435659163794,-244.87707959280615,112547.4888888889
43,Request For Payment SAVED by EMPLOYEE,organizational unit 65454,missing,True,0.0,project 503,STAFF MEMBER,EMPLOYEE,120.0,139.0,44.0,122.5,3170.0,0.0,4.0,2623.758349515859,1397.9577832873408,1815.0667135168062,1067.0086178555646,105414.03333333334
44,Send Reminder,organizational unit 65458,task 427,False,missing,missing,SYSTEM,UNDEFINED,119.9074074074074,129.88888888888889,420.72222222222223,103.11111111111111,323.1296296296296,0.0,0.0,852.0610168213294,265.72222222222223,929.0683548629544,-242.11840932791185,179440.89166666672
45,Declaration REJECTED by SUPERVISOR,organizational unit 65458,task 427,False,missing,missing,STAFF MEMBER,SUPERVISOR,215.14285714285714,139.0,363.85714285714283,60.857142857142854,280.57142857142856,0.0,0.0,899.6818393271295,443.42857142857144,1370.483298221967,-423.4286021254017,110159.0642857143
46,Declaration REJECTED by BUDGET OWNER,organizational unit 65460,missing,False,missing,missing,STAFF MEMBER,BUDGET OWNER,0.0,139.0,404.6666666666667,77.66666666666667,311.0,0.0,0.0,903.1069241868877,277.3333333333333,1276.902893010921,-264.0484884764298,131644.24166666667
47,Permit REJECTED by SUPERVISOR,organizational unit 65458,missing,False,missing,missing,STAFF MEMBER,SUPERVISOR,133.0,118.75,24.333333333333332,126.95833333333333,3170.0,5.0,0.0,77.45850664891766,34.366589059603534,1035.094063905892,-938.6550059079483,95947.28958333332
48,Permit REJECTED by EMPLOYEE,organizational unit 65458,missing,False,missing,missing,STAFF MEMBER,EMPLOYEE,120.56410256410257,124.66666666666667,35.782051282051285,109.37179487179488,3170.0,4.435897435897436,0.21794871794871795,86.76384224215134,34.43304768228801,1148.0133436459796,-1057.1226505941295,120709.50192307692
49,Permit REJECTED by ADMINISTRATION,organizational unit 65456,missing,False,missing,missing,STAFF MEMBER,ADMINISTRATION,123.3,132.775,43.65,91.525,3170.0,3.775,0.425,99.17462360143463,39.50702262248528,1140.250660488842,-1040.892556193457,125717.05708333333
50,Permit REJECTED by ADMINISTRATION,organizational unit 65466,task 427,False,missing,missing,STAFF MEMBER,ADMINISTRATION,52.36842105263158,125.57894736842105,311.63157894736844,93.10526315789474,238.73684210526315,0.0,0.0,1021.3780125446946,242.3684210526316,1051.5426053458468,-16.961677836932793,192868.44999999998
51,Declaration SAVED by EMPLOYEE,organizational unit 65458,missing,False,missing,missing,STAFF MEMBER,EMPLOYEE,156.1875,136.71875,75.75,131.9375,3170.03125,0.0,0.0,183.31820655057587,28.0625,977.3169985349606,-729.4051756690831,118045.60364583334
52,Declaration APPROVED by SUPERVISOR,organizational unit 65458,task 427,False,missing,missing,STAFF MEMBER,SUPERVISOR,158.15,133.75,370.2,136.8,284.35,0.0,0.0,2750.943406849271,0.0,2644.1994152645048,-254.65277439989254,107155.58416666665
53,Declaration FINAL_APPROVED by DIRECTOR,organizational unit 65458,task 427,False,missing,missing,STAFF MEMBER,DIRECTOR,158.15,133.75,370.2,136.8,284.35,0.0,0.0,2750.943406849271,0.0,2644.1994152645048,-254.65277439989254,107155.58416666665
54,Permit APPROVED by SUPERVISOR,organizational unit 65458,task 427,False,missing,missing,STAFF MEMBER,SUPERVISOR,149.7741935483871,134.7016129032258,97.20967741935483,124.73387096774194,3170.1935483870966,25.556451612903224,15.435483870967742,840.4694056267228,221.30343222901314,3308.160950269457,-2595.909600774363,180200.25725806452
55,Permit FINAL_APPROVED by DIRECTOR,organizational unit 65458,task 427,False,missing,missing,STAFF MEMBER,DIRECTOR,150.98373983739836,134.66666666666666,98.0,125.1219512195122,3170.1951219512193,25.764227642276424,15.560975609756097,847.302490225314,223.10264712518398,3312.2512890678736,-2593.0160107808097,181051.32479674797
56,Request For Payment REJECTED by ADMINISTRATION,organizational unit 65456,task 427,False,0.0,project 503,STAFF MEMBER,ADMINISTRATION,227.77777777777777,139.0,368.44444444444446,67.85185185185185,3170.0,59.407407407407405,58.148148148148145,2094.7180859345567,759.6215997529404,2323.9719012800897,-635.858396113679,150385.25555555557
57,Request For Payment REJECTED by EMPLOYEE,organizational unit 65456,task 427,False,0.0,project 503,STAFF MEMBER,EMPLOYEE,223.67741935483872,139.0,337.83870967741933,79.29032258064517,3170.0,51.516129032258064,50.54838709677419,2019.432470376414,727.6952719045477,2384.6054036108285,-716.4825390951074,149286.81989247314
58,Permit REJECTED by BUDGET OWNER,organizational unit 65458,missing,False,missing,missing,STAFF MEMBER,BUDGET OWNER,46.90909090909091,104.18181818181819,41.90909090909091,128.0,3170.0,6.818181818181818,0.0,85.59914465967229,25.518061535324442,1190.4166402912017,-1133.3405707699917,189214.2575757576
59,Declaration APPROVED by SUPERVISOR,organizational unit 65458,task 427,True,0.0,project 503,STAFF MEMBER,SUPERVISOR,334.75,139.0,255.5,174.0,3170.25,52.5,67.75,3880.1867509113163,1020.8975382418034,2389.808118162704,1032.6218737388913,120457.62916666667
60,Declaration FINAL_APPROVED by DIRECTOR,organizational unit 65458,task 427,True,0.0,project 503,STAFF MEMBER,DIRECTOR,334.75,139.0,255.5,174.0,3170.25,52.5,67.75,3880.1867509113163,1020.8975382418034,2389.808118162704,1032.6218737388913,120457.62916666667
61,Permit FOR_APPROVAL by SUPERVISOR,organizational unit 65457,task 427,False,missing,missing,STAFF MEMBER,SUPERVISOR,466.0,139.0,1.0,65.0,3170.0,0.0,0.0,0.0,0.0,688.1034604260909,-1196.106050776066,154440.9
62,Declaration REJECTED by BUDGET OWNER,organizational unit 65456,task 427,False,0.0,project 503,STAFF MEMBER,BUDGET OWNER,152.0,139.0,384.0,99.5,3170.0,78.0,38.0,631.2083499150772,464.1066664689529,671.1580572247303,18.745636921114084,96297.22499999999
63,Declaration REJECTED by SUPERVISOR,organizational unit 65457,missing,False,0.0,project 503,STAFF MEMBER,SUPERVISOR,142.57142857142858,121.0,297.0,76.42857142857143,3170.1428571428573,35.142857142857146,38.857142857142854,1215.1779009961904,291.8053803801205,1469.5821568088018,-237.97517248674987,155810.03809523812
64,Declaration SAVED by EMPLOYEE,organizational unit 65459,task 427,False,missing,missing,STAFF MEMBER,EMPLOYEE,61.0,139.0,310.0,187.0,233.0,0.0,0.0,1169.6057427037051,0.0,4138.576910256771,-1350.5364629860185,78811.13333333333
65,Request For Payment APPROVED by SUPERVISOR,organizational unit 65464,task 427,False,0.0,project 503,STAFF MEMBER,SUPERVISOR,706.6666666666666,139.0,572.3333333333334,90.66666666666667,3170.0,120.33333333333333,141.33333333333334,10297.619228718098,879.8999621768926,10461.743466851969,-6830.291945013402,379042.0944444444
66,Request For Payment FINAL_APPROVED by DIRECTOR,organizational unit 65464,task 427,False,0.0,project 503,STAFF MEMBER,DIRECTOR,706.6666666666666,139.0,572.3333333333334,90.66666666666667,3170.0,120.33333333333333,141.33333333333334,10297.619228718098,879.8999621768926,10461.743466851969,-6830.291945013402,379042.0944444444
67,Request For Payment REJECTED by SUPERVISOR,organizational unit 65464,task 427,False,0.0,project 503,STAFF MEMBER,SUPERVISOR,200.6,139.0,220.4,164.8,3170.0,22.4,14.4,1604.3777986979778,529.5026204834251,2477.1502241428448,-952.5786204338431,136856.52666666667
68,start,organizational unit 65456,task 427,False,0.0,project 503,STAFF MEMBER,EMPLOYEE,176.3156146179402,130.8936877076412,1342.734219269103,119.1328903654485,3170.0,266.9734219269103,69.45847176079734,1585.50336240312,769.4639213775363,1871.75231305362,-207.06293561351484,158981.834606866
69,Permit SUBMITTED by EMPLOYEE,organizational unit 65456,task 427,False,0.0,project 503,STAFF MEMBER,EMPLOYEE,173.90282131661442,130.0846394984326,1345.7868338557994,118.67084639498432,3170.0,263.7147335423198,68.03448275862068,1590.6568277316385,773.4741018551177,1907.1423860532182,-242.72118944058428,160011.75726227794
70,Permit APPROVED by ADMINISTRATION,organizational unit 65456,task 427,False,0.0,project 503,STAFF MEMBER,ADMINISTRATION,173.2120253164557,130.0,1344.48417721519,118.39556962025317,3170.0,264.46835443037975,68.11075949367088,1591.9053633973238,773.6134173627757,1910.9147787302168,-244.75212887612173,159691.0931434599
71,Request For Payment SUBMITTED by EMPLOYEE,organizational unit 65456,task 427,False,0.0,project 503,STAFF MEMBER,EMPLOYEE,170.8860759493671,129.49789029535864,1341.23417721519,112.88818565400844,3170.0,282.0822784810127,70.67721518987342,1941.6393480068602,749.2405046541196,2126.046850983584,-81.73423304664858,168141.307278481
72,Request For Payment APPROVED by ADMINISTRATION,organizational unit 65456,task 427,False,0.0,project 503,STAFF MEMBER,ADMINISTRATION,171.37831325301204,129.83132530120483,1327.7759036144578,111.90602409638554,3170.0,284.77590361445783,70.50843373493976,1937.6914872954578,734.613530705422,2124.361002359406,-71.2206581781515,169239.13429718872
73,Permit FINAL_APPROVED by SUPERVISOR,organizational unit 65456,task 427,False,0.0,project 503,STAFF MEMBER,SUPERVISOR,178.7710843373494,132.13654618473896,1345.8353413654618,114.33333333333333,3170.0,266.3975903614458,69.23293172690764,1366.6633664521876,662.4032851386779,1525.64070722754,-60.52000663675565,154649.99819277108
74,Request For Payment FINAL_APPROVED by SUPERVISOR,organizational unit 65456,task 427,False,0.0,project 503,STAFF MEMBER,SUPERVISOR,172.79551122194513,129.73067331670822,1331.211970074813,111.39650872817955,3170.0,286.8753117206983,71.06733167082294,1903.1982014330777,697.4940776633856,2100.994155794415,-46.258000119234026,169225.8872817955
75,Request Payment,organizational unit 65456,task 427,False,0.0,project 503,SYSTEM,UNDEFINED,173.02349486049926,130.3230543318649,1340.5286343612336,114.36563876651982,3170.0,280.8913362701909,70.69456681350954,1859.6067678561596,759.7819166972374,2056.4962403257637,-64.6068136333526,163782.30690161526
76,Payment Handled,organizational unit 65456,task 427,False,0.0,project 503,SYSTEM,UNDEFINED,173.02349486049926,130.3230543318649,1340.5286343612336,114.36563876651982,3170.0,280.8913362701909,70.69456681350954,1859.6067678561596,759.7819166972374,2056.4962403257637,-64.6068136333526,163782.30690161526
77,Start trip,organizational unit 65456,task 427,False,0.0,project 503,STAFF MEMBER,EMPLOYEE,176.3156146179402,130.8936877076412,1342.734219269103,119.1328903654485,3170.0,266.9734219269103,69.45847176079734,1585.50336240312,769.4639213775363,1871.75231305362,-207.06293561351484,158981.834606866
78,End trip,organizational unit 65456,task 427,False,0.0,project 503,STAFF MEMBER,EMPLOYEE,176.3156146179402,130.8936877076412,1342.734219269103,119.1328903654485,3170.0,266.9734219269103,69.45847176079734,1585.50336240312,769.4639213775363,1871.75231305362,-207.06293561351484,158981.834606866
79,Declaration SUBMITTED by EMPLOYEE,organizational unit 65456,task 427,True,0.0,project 503,STAFF MEMBER,EMPLOYEE,173.3864229765013,130.34725848563968,1342.201044386423,118.0182767624021,3170.0,264.7467362924282,67.73368146214099,1800.8979832090477,817.2671751811445,1968.2819104101497,-84.28572668129273,153874.1498694517
80,Declaration APPROVED by ADMINISTRATION,organizational unit 65456,task 427,True,0.0,project 503,STAFF MEMBER,ADMINISTRATION,174.5503597122302,131.11510791366908,1348.2086330935251,118.46762589928058,3170.0,270.28776978417267,70.33093525179856,1761.6646373425094,805.9071619881421,1956.5903454862507,-69.63497358221946,155262.7426258993
81,Declaration FINAL_APPROVED by SUPERVISOR,organizational unit 65456,task 427,True,0.0,project 503,STAFF MEMBER,SUPERVISOR,175.27985074626866,130.82089552238807,1358.0708955223881,117.55597014925372,3170.0,272.28731343283584,70.51492537313433,1740.2862662174696,797.1826094729685,1929.856524845258,-65.45523103685672,154991.04527363184
82,archive_application,organizational unit 65456,task 427,False,0.0,project 503,SYSTEM,UNDEFINED,176.3156146179402,130.8936877076412,1342.734219269103,119.1328903654485,3170.0,266.9734219269103,69.45847176079734,1585.50336240312,769.4639213775363,1871.75231305362,-207.06293561351484,158981.834606866
83,Permit APPROVED by SUPERVISOR,organizational unit 65459,task 427,False,0.0,project 503,STAFF MEMBER,SUPERVISOR,164.55769230769232,124.9423076923077,1327.8846153846155,142.1153846153846,3170.0,269.7307692307692,70.53846153846153,2633.4102660912376,1282.1196602905313,3529.094425566965,-908.7781147522269,179724.66666666666
84,Permit FINAL_APPROVED by DIRECTOR,organizational unit 65459,task 427,False,0.0,project 503,STAFF MEMBER,DIRECTOR,164.55769230769232,124.9423076923077,1327.8846153846155,142.1153846153846,3170.0,269.7307692307692,70.53846153846153,2633.4102660912376,1282.1196602905313,3529.094425566965,-908.7781147522269,179724.66666666666
85,Permit APPROVED by BUDGET OWNER,organizational unit 65456,task 427,False,0.0,project 503,STAFF MEMBER,BUDGET OWNER,168.84070796460176,128.30088495575222,1344.1769911504425,118.03539823008849,3170.0,261.3893805309734,67.39823008849558,1670.797823755792,812.1831256912141,2048.9112914234747,-100.56128590107882,158394.96312684368
86,Request For Payment APPROVED by BUDGET OWNER,organizational unit 65456,task 427,True,0.0,project 503,STAFF MEMBER,BUDGET OWNER,170.13636363636363,129.6818181818182,1310.9318181818182,103.63636363636364,3170.0,281.42045454545456,71.0284090909091,2298.162213244732,784.0709351542638,2529.094988147273,131.8913052676703,175052.30142045452
87,Declaration REJECTED by ADMINISTRATION,organizational unit 65456,task 427,True,0.0,project 503,STAFF MEMBER,ADMINISTRATION,170.3047619047619,128.31428571428572,1326.2952380952381,116.82857142857142,3170.0,250.07619047619048,60.857142857142854,1904.7729370271204,847.344162492142,1999.2367203991398,-123.07533964836284,150197.68523809523
88,Declaration REJECTED by EMPLOYEE,organizational unit 65456,task 427,True,0.0,project 503,STAFF MEMBER,EMPLOYEE,170.86238532110093,130.4678899082569,1294.1559633027523,117.81651376146789,3170.0,242.88073394495413,61.08256880733945,1893.195238494048,845.4976056756199,1989.5045152394848,-132.82882022908964,150360.93256880733
89,Declaration APPROVED by BUDGET OWNER,organizational unit 65456,task 427,True,0.0,project 503,STAFF MEMBER,BUDGET OWNER,148.83177570093457,128.0373831775701,1365.803738317757,115.4392523364486,3170.0,262.4392523364486,63.13084112149533,1911.330709734771,849.061513028501,2302.6683306759405,-52.213532546607695,165697.75327102805
90,Request For Payment REJECTED by ADMINISTRATION,organizational unit 65456,task 427,True,0.0,project 503,STAFF MEMBER,ADMINISTRATION,167.42372881355934,127.15254237288136,1435.8983050847457,119.79661016949153,3170.0,263.135593220339,71.86440677966101,1969.408198773503,852.1251519203817,2137.9049387638165,-155.6856494945518,160419.3036723164
91,Request For Payment REJECTED by EMPLOYEE,organizational unit 65456,task 427,False,0.0,project 503,STAFF MEMBER,EMPLOYEE,171.15625,126.703125,1423.375,119.28125,3170.0,254.96875,72.53125,2035.2794731580452,841.9207982316875,2133.999015252334,-216.62013844831017,157988.48619791667
92,start,organizational unit 65456,task 427,False,missing,missing,STAFF MEMBER,EMPLOYEE,181.8943533697632,133.0528233151184,1090.1930783242258,110.82513661202186,829.9908925318762,0.0,0.0,839.0271894295186,297.9781420765027,1077.245163201954,-192.48852601742593,98086.42331511839
93,Permit SUBMITTED by EMPLOYEE,organizational unit 65456,task 427,False,missing,missing,STAFF MEMBER,EMPLOYEE,180.0719298245614,132.6315789473684,1092.9298245614036,110.76315789473684,832.0543859649123,0.0,0.0,840.2497458460683,297.3438596491228,1070.38554140236,-187.1529434503284,98398.11213450294
94,Permit APPROVED by ADMINISTRATION,organizational unit 65456,task 427,False,missing,missing,STAFF MEMBER,ADMINISTRATION,180.99108734402853,132.52941176470588,1091.3868092691623,110.94295900178253,830.8805704099822,0.0,0.0,835.5173950868938,297.27985739750443,1073.1667705918696,-191.41011960908955,98310.8118835413
95,Permit FINAL_APPROVED by SUPERVISOR,organizational unit 65456,task 427,False,missing,missing,STAFF MEMBER,SUPERVISOR,179.95874263261297,133.19449901768172,1089.7603143418467,109.24557956777996,829.6129666011788,0.0,0.0,751.5123044460189,315.1100196463654,923.4633291179188,-132.90214670233482,95146.7669941061
96,Start trip,organizational unit 65456,task 427,False,missing,missing,STAFF MEMBER,EMPLOYEE,181.8943533697632,133.0528233151184,1090.1930783242258,110.82513661202186,829.9908925318762,0.0,0.0,839.0271894295186,297.9781420765027,1077.245163201954,-192.48852601742593,98086.42331511839
97,End trip,organizational unit 65456,task 427,False,missing,missing,STAFF MEMBER,EMPLOYEE,181.8943533697632,133.0528233151184,1090.1930783242258,110.82513661202186,829.9908925318762,0.0,0.0,839.0271894295186,297.9781420765027,1077.245163201954,-192.48852601742593,98086.42331511839
98,Declaration SUBMITTED by EMPLOYEE,organizational unit 65456,task 427,False,missing,missing,STAFF MEMBER,EMPLOYEE,170.97748344370862,131.75894039735098,1097.3271523178807,109.71258278145696,835.4569536423841,0.0,0.0,891.2919911099067,304.2026490066225,1141.4815836165376,-188.61179572886337,108200.70717439293
99,Declaration APPROVED by ADMINISTRATION,organizational unit 65456,task 427,False,missing,missing,STAFF MEMBER,ADMINISTRATION,176.98625429553263,132.56872852233678,1091.1958762886597,111.77835051546391,830.6993127147766,0.0,0.0,847.0101085284128,296.0446735395189,1096.9362350803892,-196.51216850578848,106140.1615120275
100,Declaration FINAL_APPROVED by SUPERVISOR,organizational unit 65456,task 427,False,missing,missing,STAFF MEMBER,SUPERVISOR,174.85585585585585,132.45225225225226,1090.336936936937,110.96216216216216,830.0216216216216,0.0,0.0,785.05681076722,301.2720720720721,1032.5412017909878,-197.22252771519533,105471.05666666667
101,Request Payment,organizational unit 65456,task 427,False,missing,missing,SYSTEM,UNDEFINED,178.14385964912282,132.43333333333334,1092.061403508772,111.95614035087719,831.3701754385964,0.0,0.0,844.6117562387751,293.58245614035087,1092.8812785337725,-192.5617263064033,105778.16163742689
102,Payment Handled,organizational unit 65456,task 427,False,missing,missing,SYSTEM,UNDEFINED,178.14385964912282,132.43333333333334,1092.061403508772,111.95614035087719,831.3701754385964,0.0,0.0,844.6117562387751,293.58245614035087,1092.8812785337725,-192.5617263064033,105778.16163742689
103,archive_application,organizational unit 65456,task 427,False,missing,missing,SYSTEM,UNDEFINED,181.8943533697632,133.0528233151184,1090.1930783242258,110.82513661202186,829.9908925318762,0.0,0.0,839.0271894295186,297.9781420765027,1077.245163201954,-192.48852601742593,98086.42331511839
104,Permit APPROVED by BUDGET OWNER,organizational unit 65456,task 427,False,missing,missing,STAFF MEMBER,BUDGET OWNER,178.52307692307693,130.05641025641026,1097.7076923076922,108.08717948717948,835.8358974358974,0.0,0.0,852.3450916788648,306.8666666666667,1148.2646221769687,-248.818088346522,111418.86008547009
105,Declaration APPROVED by BUDGET OWNER,organizational unit 65456,task 427,False,missing,missing,STAFF MEMBER,BUDGET OWNER,171.256038647343,130.41062801932367,1099.5797101449275,108.55555555555556,837.1884057971015,0.0,0.0,862.0913028770539,312.3768115942029,1141.8700584716694,-239.82014661492616,117850.97157809984
106,Permit APPROVED by SUPERVISOR,organizational unit 65458,task 427,False,missing,missing,STAFF MEMBER,SUPERVISOR,206.525,131.25,1095.7,130.925,834.8,0.0,0.0,1952.6541008445533,79.975,3034.119001921305,-950.7252028019604,135493.55
107,Permit FINAL_APPROVED by DIRECTOR,organizational unit 65458,task 427,False,missing,missing,STAFF MEMBER,DIRECTOR,206.525,131.25,1095.7,130.925,834.8,0.0,0.0,1952.6541008445533,79.975,3034.119001921305,-950.7252028019604,135493.55
108,Declaration REJECTED by ADMINISTRATION,organizational unit 65456,task 427,False,missing,missing,STAFF MEMBER,ADMINISTRATION,151.63953488372093,129.50581395348837,1117.2732558139535,102.76162790697674,850.9651162790698,0.0,0.0,1038.7855461762178,333.5755813953488,1286.530714699729,-162.56104432876432,114923.3203488372
109,Declaration REJECTED by EMPLOYEE,organizational unit 65456,task 427,False,missing,missing,STAFF MEMBER,EMPLOYEE,149.15469613259668,129.97790055248618,1113.46408839779,103.25966850828729,848.0,0.0,0.0,1039.7590765264702,337.585635359116,1286.2400506088184,-164.28220662988346,114851.56823204421
110,Permit REJECTED by SUPERVISOR,organizational unit 65456,missing,False,0.0,project 503,STAFF MEMBER,SUPERVISOR,184.88888888888889,118.33333333333333,1160.7777777777778,106.0,3170.0,158.0,68.44444444444444,1943.7082899369182,975.3373675953658,3317.2588532364207,-1638.3161926643213,169160.85925925928
111,Permit REJECTED by EMPLOYEE,organizational unit 65458,missing,False,0.0,project 503,STAFF MEMBER,EMPLOYEE,133.55555555555554,116.55555555555556,1396.8333333333333,110.94444444444444,3170.0,209.22222222222223,44.22222222222222,1676.8342201696416,840.5332309524525,2498.943051213165,-839.0064339932458,177234.35277777776
112,Request For Payment APPROVED by SUPERVISOR,organizational unit 65458,missing,True,0.0,project 503,STAFF MEMBER,SUPERVISOR,83.88888888888889,139.0,1203.6666666666667,133.88888888888889,3170.0,261.3333333333333,40.111111111111114,2988.52065538586,2395.771441800782,3185.734879612106,-703.2088395118585,192015.08148148147
113,Request For Payment FINAL_APPROVED by DIRECTOR,organizational unit 65458,missing,True,0.0,project 503,STAFF MEMBER,DIRECTOR,83.88888888888889,139.0,1203.6666666666667,133.88888888888889,3170.0,261.3333333333333,40.111111111111114,2988.52065538586,2395.771441800782,3185.734879612106,-703.2088395118585,192015.08148148147
114,Declaration REJECTED by BUDGET OWNER,organizational unit 65456,missing,False,0.0,project 503,STAFF MEMBER,BUDGET OWNER,77.5,139.0,792.0,84.0,3170.0,170.0,80.0,2776.1163242592957,1840.694963794287,2988.0844289942493,-645.6603514518822,137818.23333333334
115,Send Reminder,organizational unit 65458,missing,False,missing,missing,SYSTEM,UNDEFINED,95.47169811320755,127.05660377358491,1093.9622641509434,93.56603773584905,832.3018867924528,0.0,0.0,612.8616896161287,225.16981132075472,890.6405910350522,-212.0543313574604,154982.04182389937
116,Send Reminder,organizational unit 65454,task 427,False,0.0,project 503,SYSTEM,UNDEFINED,181.56,130.77333333333334,1428.76,118.54666666666667,3170.0,256.68,73.72,1001.917548098641,644.4154536441335,1645.0461150334054,-831.0246292670727,234010.1651111111
117,Declaration REJECTED by SUPERVISOR,organizational unit 65454,missing,False,0.0,project 503,STAFF MEMBER,SUPERVISOR,71.0,139.0,1010.25,145.5,3170.0,175.25,0.0,1393.9213554719008,573.8299025672771,1402.7535573445882,438.9013570708216,163186.875
118,Declaration SAVED by EMPLOYEE,organizational unit 65455,missing,False,missing,missing,STAFF MEMBER,EMPLOYEE,0.0,139.0,1043.5,67.0,795.0,0.0,0.0,665.0869304570041,34.0,1004.2365283615446,-160.61910955334886,39976.29166666667
119,Declaration APPROVED by SUPERVISOR,organizational unit 65458,task 427,False,missing,missing,STAFF MEMBER,SUPERVISOR,299.8,131.73333333333332,1155.8666666666666,148.73333333333332,881.2666666666667,0.0,0.0,3048.1447386863174,9.066666666666666,3325.464118016809,-20.112074181098237,117141.04555555555
120,Declaration FINAL_APPROVED by DIRECTOR,organizational unit 65458,task 427,False,missing,missing,STAFF MEMBER,DIRECTOR,299.8,131.73333333333332,1155.8666666666666,148.73333333333332,881.2666666666667,0.0,0.0,3048.1447386863174,9.066666666666666,3325.464118016809,-20.112074181098237,117141.04555555555
121,Declaration REJECTED by BUDGET OWNER,organizational unit 65466,missing,False,missing,missing,STAFF MEMBER,BUDGET OWNER,44.5,139.0,970.8333333333334,46.333333333333336,739.5,0.0,0.0,1201.415239051483,498.3333333333333,1727.0810962293826,-449.61140770146784,134967.4361111111
122,Permit REJECTED by SUPERVISOR,organizational unit 65456,missing,False,missing,missing,STAFF MEMBER,SUPERVISOR,115.0,114.5,1143.25,123.125,869.125,0.0,0.0,882.579956150011,255.125,1147.591516208987,-164.16122847831156,123699.07291666666
123,Permit REJECTED by EMPLOYEE,organizational unit 65454,missing,False,missing,missing,STAFF MEMBER,EMPLOYEE,132.42857142857142,121.61904761904762,1164.4761904761904,109.14285714285714,886.0,0.0,0.0,872.210863593011,280.76190476190476,891.05542864154,-47.66557062477855,106546.54841269841
124,Request For Payment SAVED by EMPLOYEE,organizational unit 65464,missing,False,0.0,project 503,STAFF MEMBER,EMPLOYEE,103.5,139.0,1262.25,138.25,3170.0,66.75,39.5,2041.4415007273635,566.5521396141996,1532.070823809976,-315.21223075234093,141069.5375
125,Declaration REJECTED by SUPERVISOR,organizational unit 65455,task 427,False,missing,missing,STAFF MEMBER,SUPERVISOR,199.5,139.0,1129.3333333333333,160.33333333333334,858.1666666666666,0.0,0.0,720.4484455209171,327.6666666666667,852.0122458599864,-318.7049382517011,111702.875
126,Permit REJECTED by BUDGET OWNER,organizational unit 65454,missing,False,missing,missing,STAFF MEMBER,BUDGET OWNER,189.0,96.75,1151.5,102.75,876.5,0.0,0.0,259.67299943539405,285.75,364.5578936235256,-97.89662232647835,78331.62083333333
127,Declaration APPROVED by SUPERVISOR,organizational unit 65458,task 427,False,0.0,project 503,STAFF MEMBER,SUPERVISOR,277.75,139.0,1303.5,169.75,3170.0,281.5,123.5,3054.532941132401,1105.135539022553,3785.8460748203843,-570.2013658397334,174264.5875
128,Declaration REJECTED by DIRECTOR,organizational unit 65458,task 427,False,0.0,project 503,STAFF MEMBER,DIRECTOR,303.0,139.0,926.0,176.0,3170.0,201.0,108.0,2301.806873903792,1911.064343251713,3041.2636860349835,-703.9049003429743,286624.01666666666
129,Request For Payment REJECTED by SUPERVISOR,organizational unit 65454,missing,False,0.0,project 503,STAFF MEMBER,SUPERVISOR,102.0,109.66666666666667,1218.6666666666667,60.0,3170.0,264.3333333333333,36.333333333333336,3810.5984323603548,974.1543555804868,2910.0647067787536,-1074.2865023927498,139699.14444444442
130,Permit REJECTED by ADMINISTRATION,organizational unit 65457,task 427,False,0.0,project 503,STAFF MEMBER,ADMINISTRATION,246.66666666666666,139.0,1483.0,147.66666666666666,3170.0,184.33333333333334,60.0,1459.1444042794349,758.7995350484692,1509.7836907426672,-28.795568897310897,193788.37777777776
131,Declaration SAVED by EMPLOYEE,organizational unit 65454,missing,False,0.0,missing,STAFF MEMBER,EMPLOYEE,139.5,139.0,1465.0,145.5,3170.0,107.5,0.0,1224.0446755954554,643.7102739227979,1064.9866465349405,-165.9563176060152,113791.03333333333
132,Permit REJECTED by ADMINISTRATION,organizational unit 65454,missing,True,missing,missing,STAFF MEMBER,ADMINISTRATION,122.77777777777777,139.0,1189.111111111111,99.55555555555556,905.2222222222222,0.0,0.0,1135.2329431679518,301.3333333333333,897.0222552562605,78.21103711245067,103839.82777777778
133,Declaration FINAL_APPROVED by DIRECTOR,organizational unit 65456,task 427,False,0.0,project 503,STAFF MEMBER,DIRECTOR,269.3333333333333,139.0,1429.3333333333333,167.66666666666666,3170.0,308.3333333333333,128.66666666666666,3305.4416302086033,836.4926042794999,4034.0402044155176,-525.6335210053198,136811.44444444444
134,Request For Payment REJECTED by BUDGET OWNER,organizational unit 65454,task 427,False,0.0,project 503,STAFF MEMBER,BUDGET OWNER,385.0,139.0,1361.0,193.0,3170.0,0.0,146.5,1315.5036286985694,342.5420283920114,854.6757343739835,-727.688016667522,113713.38333333333
135,Permit REJECTED by BUDGET OWNER,organizational unit 65458,missing,False,0.0,project 503,STAFF MEMBER,BUDGET OWNER,0.0,102.66666666666667,1707.8333333333333,100.0,3170.0,298.5,0.0,1385.3680234638305,679.1938739400744,1766.0490284135312,-45.147228534600366,181067.58055555556
136,start,organizational unit 65458,task 427,False,missing,missing,STAFF MEMBER,EMPLOYEE,196.5371747211896,133.20817843866172,1795.4758364312268,104.1914498141264,1373.5018587360594,0.0,0.0,864.2818971564928,292.12453531598516,1121.0740717594251,-220.57524595901845,99670.66468401486
137,Permit SUBMITTED by EMPLOYEE,organizational unit 65458,task 427,False,missing,missing,STAFF MEMBER,EMPLOYEE,196.2057761732852,133.17870036101084,1793.4314079422384,105.18050541516246,1371.9332129963898,0.0,0.0,866.2475294184086,297.9945848375451,1130.073919362825,-222.5945858055055,99920.98910950663
138,Permit APPROVED by ADMINISTRATION,organizational unit 65458,task 427,False,missing,missing,STAFF MEMBER,ADMINISTRATION,197.6087751371115,133.10420475319927,1794.9524680073125,104.89031078610603,1373.1023765996345,0.0,0.0,867.8630223624659,295.21937842778794,1130.5925248296105,-220.94784810419657,99950.26870810482
139,Permit REJECTED by SUPERVISOR,organizational unit 65456,task 427,False,missing,missing,STAFF MEMBER,SUPERVISOR,396.6,139.0,1775.4,182.4,1357.4,0.0,0.0,1119.6760872129462,520.4,1316.9002649476756,-196.52827464381636,131431.32666666666
140,Permit REJECTED by EMPLOYEE,organizational unit 65456,missing,False,missing,missing,STAFF MEMBER,EMPLOYEE,155.33333333333334,131.73333333333332,1727.6,135.93333333333334,1321.2,0.0,0.0,949.4461066103715,528.4,1410.5842461556147,-306.73956581317873,107583.1622222222
141,Permit FINAL_APPROVED by SUPERVISOR,organizational unit 65458,task 427,False,missing,missing,STAFF MEMBER,SUPERVISOR,197.968,133.064,1795.666,102.776,1373.678,0.0,0.0,749.0703661507868,309.57,928.3314840875303,-154.68955704794007,95629.15613333332
142,Start trip,organizational unit 65458,task 427,False,missing,missing,STAFF MEMBER,EMPLOYEE,196.5371747211896,133.20817843866172,1795.4758364312268,104.1914498141264,1373.5018587360594,0.0,0.0,864.2818971564928,292.12453531598516,1121.0740717594251,-220.57524595901845,99670.66468401486
143,End trip,organizational unit 65458,task 427,False,missing,missing,STAFF MEMBER,EMPLOYEE,196.5371747211896,133.20817843866172,1795.4758364312268,104.1914498141264,1373.5018587360594,0.0,0.0,864.2818971564928,292.12453531598516,1121.0740717594251,-220.57524595901845,99670.66468401486
144,Declaration SUBMITTED by EMPLOYEE,organizational unit 65458,task 427,False,missing,missing,STAFF MEMBER,EMPLOYEE,185.37227214377407,132.62259306803594,1801.3260590500643,103.59820282413351,1377.9139922978177,0.0,0.0,986.1246224817925,299.1758664955071,1199.8911077673845,-186.55251473338768,110649.5635643988
145,Declaration APPROVED by ADMINISTRATION,organizational unit 65458,task 427,False,missing,missing,STAFF MEMBER,ADMINISTRATION,190.46587030716722,133.09897610921502,1798.882252559727,103.42491467576792,1376.0938566552902,0.0,0.0,907.2667962491664,291.58191126279866,1134.2778483918432,-193.23609996454843,107672.63649032993
146,Declaration FINAL_APPROVED by SUPERVISOR,organizational unit 65458,task 427,False,missing,missing,STAFF MEMBER,SUPERVISOR,192.01258992805757,132.95143884892087,1800.7517985611512,102.54856115107914,1377.5485611510792,0.0,0.0,827.3612899725698,298.98201438848923,1034.794974284963,-190.01167296035786,105218.22152278178
147,Request Payment,organizational unit 65458,task 427,False,missing,missing,SYSTEM,UNDEFINED,191.32456140350877,133.1,1799.3263157894737,103.38070175438597,1376.4456140350878,0.0,0.0,890.8375970627322,290.72280701754386,1117.052058472618,-191.65929320992268,105885.90692982456
148,Payment Handled,organizational unit 65458,task 427,False,missing,missing,SYSTEM,UNDEFINED,191.67950963222418,133.11033274956216,1798.725043782837,103.2399299474606,1375.984238178634,0.0,0.0,890.9342359768401,291.1278458844133,1116.4563718271484,-190.77199339626998,106331.68908347929
149,archive_application,organizational unit 65458,task 427,False,missing,missing,SYSTEM,UNDEFINED,196.5371747211896,133.20817843866172,1795.4758364312268,104.1914498141264,1373.5018587360594,0.0,0.0,864.2818971564928,292.12453531598516,1121.0740717594251,-220.57524595901845,99670.66468401486
150,Permit APPROVED by BUDGET OWNER,organizational unit 65458,task 427,False,missing,missing,STAFF MEMBER,BUDGET OWNER,184.74874371859298,134.92964824120602,1801.6884422110552,107.08040201005025,1378.2562814070352,0.0,0.0,950.850962542655,299.3316582914573,1179.425588763779,-219.7403370976779,107914.63073701842
151,Declaration APPROVED by BUDGET OWNER,organizational unit 65458,task 427,False,missing,missing,STAFF MEMBER,BUDGET OWNER,178.77358490566039,134.30188679245282,1804.3584905660377,106.19339622641509,1380.316037735849,0.0,0.0,916.4123722362427,295.438679245283,1156.6588373895675,-234.5640763464053,110659.23011006288
152,Declaration REJECTED by ADMINISTRATION,organizational unit 65458,task 427,False,missing,missing,STAFF MEMBER,ADMINISTRATION,169.90673575129534,131.1761658031088,1808.7461139896373,104.12435233160622,1383.440414507772,0.0,0.0,1225.558229592253,322.23316062176167,1399.1106414154008,-166.25934921286856,119688.31623488772
153,Declaration REJECTED by EMPLOYEE,organizational unit 65458,task 427,False,missing,missing,STAFF MEMBER,EMPLOYEE,170.51707317073172,131.17073170731706,1807.029268292683,104.85853658536585,1382.1414634146342,0.0,0.0,1260.5133234989012,319.809756097561,1440.563272550442,-174.66105235634802,121856.69991869919
154,Permit APPROVED by SUPERVISOR,organizational unit 65458,missing,False,missing,missing,STAFF MEMBER,SUPERVISOR,177.71052631578948,135.10526315789474,1792.9736842105262,122.8157894736842,1371.1842105263158,0.0,0.0,2380.2230945999963,62.578947368421055,3657.1607516527806,-1087.4922053153127,152848.40877192985
155,Permit FINAL_APPROVED by DIRECTOR,organizational unit 65458,missing,False,missing,missing,STAFF MEMBER,DIRECTOR,177.71052631578948,135.10526315789474,1792.9736842105262,122.8157894736842,1371.1842105263158,0.0,0.0,2380.2230945999963,62.578947368421055,3657.1607516527806,-1087.4922053153127,152848.40877192985
156,Send Reminder,organizational unit 65458,missing,False,missing,missing,SYSTEM,UNDEFINED,180.0,134.77272727272728,1811.2045454545455,106.18181818181819,1385.25,0.0,0.0,745.5508557278804,243.54545454545453,933.3626318527035,-254.68340487204713,159061.7113636364
157,Declaration REJECTED by SUPERVISOR,organizational unit 65456,task 427,False,missing,missing,STAFF MEMBER,SUPERVISOR,216.4,133.4,1814.9,110.5,1387.7,0.0,0.0,1424.1120453063527,324.3,1686.9946043436316,-229.21464656014388,112419.88833333334
158,Declaration APPROVED by SUPERVISOR,organizational unit 65458,missing,False,missing,missing,STAFF MEMBER,SUPERVISOR,179.33333333333334,139.0,1723.6,128.86666666666667,1318.0,0.0,0.0,3247.371434535125,0.0,4143.37217405748,-218.95453755407894,147604.22
159,Declaration FINAL_APPROVED by DIRECTOR,organizational unit 65458,missing,False,missing,missing,STAFF MEMBER,DIRECTOR,179.33333333333334,139.0,1723.6,128.86666666666667,1318.0,0.0,0.0,3247.371434535125,0.0,4143.37217405748,-218.95453755407894,147604.22
160,Permit REJECTED by ADMINISTRATION,organizational unit 65454,missing,False,missing,missing,STAFF MEMBER,ADMINISTRATION,86.57142857142857,139.0,1674.5714285714287,127.85714285714286,1280.5714285714287,0.0,0.0,740.0082950756406,514.8571428571429,1089.5486064583088,-351.2753747506441,97632.99761904763
161,Declaration REJECTED by BUDGET OWNER,organizational unit 65458,missing,False,missing,missing,STAFF MEMBER,BUDGET OWNER,0.0,131.2,1784.8,110.4,1365.4,0.0,0.0,1738.7546812344524,278.0,2064.05696017645,-402.6799768707584,251314.32666666666
162,Permit REJECTED by BUDGET OWNER,organizational unit 65458,missing,False,missing,missing,STAFF MEMBER,BUDGET OWNER,93.0,111.75,1749.0,102.0,1339.0,0.0,0.0,1034.7580315027194,430.0,2177.9397876219487,-301.5873034561318,98205.6875
163,Permit REJECTED by DIRECTOR,organizational unit 65464,task 427,False,missing,missing,STAFF MEMBER,DIRECTOR,1.0,139.0,0.0,77.0,3170.0,0.0,0.0,0.0,0.0,2805.049278064201,-2951.8211699813714,75518.94999999998
164,Permit REJECTED by MISSING,organizational unit 65455,missing,False,missing,missing,STAFF MEMBER,missing,164.26530612244898,138.44897959183675,0.02040816326530612,136.20408163265307,3141.2244897959185,102.87755102040816,26.142857142857142,313.9749166340335,216.88524580511074,1091.227295157329,-783.0910015928714,139953.1380952381
165,Permit FOR_APPROVAL by ADMINISTRATION,organizational unit 65461,missing,False,missing,missing,STAFF MEMBER,ADMINISTRATION,0.0,140.0,1.0,206.0,3170.0,0.0,0.0,0.0,0.0,2.165180826545111,-4.007105962057807,162389.88333333333
166,start,organizational unit 65456,task 427,False,0.0,project 503,STAFF MEMBER,EMPLOYEE,254.68493150684932,134.97260273972603,2585.9623287671234,108.13356164383562,3170.0,529.6780821917808,108.83561643835617,6514.126504301935,2369.929516195887,1759.351874374666,4678.173424036556,146104.05319634703
167,Permit SUBMITTED by EMPLOYEE,organizational unit 65456,task 427,False,0.0,project 503,STAFF MEMBER,EMPLOYEE,252.02875399361022,134.38338658146964,2584.821086261981,108.6261980830671,3170.0,517.2172523961661,106.76996805111821,6141.559013476135,2247.356709915925,1723.997774393288,4350.120161639717,147160.70798722046
168,Permit APPROVED by ADMINISTRATION,organizational unit 65456,task 427,False,0.0,project 503,STAFF MEMBER,ADMINISTRATION,251.81699346405227,134.80065359477123,2585.2418300653594,108.95098039215686,3170.0,520.8888888888889,107.37908496732027,6242.060889391878,2279.2798290412447,1721.1550670309841,4454.170816484279,146881.25059912854
169,Permit FINAL_APPROVED by SUPERVISOR,organizational unit 65456,task 427,False,0.0,project 503,STAFF MEMBER,SUPERVISOR,255.41666666666666,134.8015873015873,2567.277777777778,104.73015873015873,3170.0,522.6428571428571,110.22619047619048,7085.752201390992,2574.808392519002,1429.2076058320451,5589.613255932586,142682.6798941799
170,Request For Payment SUBMITTED by EMPLOYEE,organizational unit 65456,task 427,False,0.0,project 503,STAFF MEMBER,EMPLOYEE,265.3772727272727,134.38181818181818,2600.7431818181817,108.7909090909091,3170.0,546.4522727272728,117.15454545454546,11620.271087532117,3968.173954101972,1880.4342671379502,9645.863276527134,150949.36787878786
171,Request For Payment APPROVED by ADMINISTRATION,organizational unit 65456,task 427,False,0.0,project 503,STAFF MEMBER,ADMINISTRATION,272.33862433862436,134.73280423280423,2603.441798941799,108.77513227513228,3170.0,558.952380952381,118.43386243386243,13217.805407668942,4473.48360607878,1900.772860457502,11238.160224793986,152811.22826278658
172,Request For Payment FINAL_APPROVED by SUPERVISOR,organizational unit 65456,task 427,False,0.0,project 503,STAFF MEMBER,SUPERVISOR,277.3633879781421,135.16666666666666,2610.8852459016393,109.60655737704919,3170.0,561.9180327868852,119.40437158469945,9565.521607891995,3288.7007082757777,1841.8981237452851,7647.646483778816,152056.5790528233
173,Request Payment,organizational unit 65456,task 427,False,0.0,project 503,SYSTEM,UNDEFINED,274.1592356687898,135.12101910828025,2614.2547770700635,109.68949044585987,3170.0,555.7356687898089,117.45222929936305,6285.677338777957,2222.706839405598,1829.4786376622123,4375.800544758189,146933.74848726115
174,Payment Handled,organizational unit 65456,task 427,False,0.0,project 503,SYSTEM,UNDEFINED,274.1592356687898,135.12101910828025,2614.2547770700635,109.68949044585987,3170.0,555.7356687898089,117.45222929936305,6285.677338777957,2222.706839405598,1829.4786376622123,4375.800544758189,146933.74848726115
175,Start trip,organizational unit 65456,task 427,False,0.0,project 503,STAFF MEMBER,EMPLOYEE,254.68493150684932,134.97260273972603,2585.9623287671234,108.13356164383562,3170.0,529.6780821917808,108.83561643835617,6514.126504301935,2369.929516195887,1759.351874374666,4678.173424036556,146104.05319634703
176,End trip,organizational unit 65456,task 427,False,0.0,project 503,STAFF MEMBER,EMPLOYEE,254.68493150684932,134.97260273972603,2585.9623287671234,108.13356164383562,3170.0,529.6780821917808,108.83561643835617,6514.126504301935,2369.929516195887,1759.351874374666,4678.173424036556,146104.05319634703
177,Send Reminder,organizational unit 65456,task 427,False,0.0,project 503,SYSTEM,UNDEFINED,234.327868852459,136.39344262295083,2468.0491803278687,102.18032786885246,3170.0,425.8524590163934,84.78688524590164,48708.46809979431,16169.697148902884,1335.5320905302792,47423.45688278952,206825.31693989076
178,Declaration SUBMITTED by EMPLOYEE,organizational unit 65456,task 427,False,0.0,project 503,STAFF MEMBER,EMPLOYEE,283.90207715133533,135.09495548961425,2629.26706231454,110.70029673590504,3170.0,552.9258160237389,122.20474777448071,1612.0978670694092,719.307345622769,1737.1840363979175,-209.88231320006912,140571.82571711176
179,Declaration APPROVED by ADMINISTRATION,organizational unit 65456,task 427,False,0.0,project 503,STAFF MEMBER,ADMINISTRATION,274.4962121212121,134.95454545454547,2622.784090909091,111.60227272727273,3170.0,548.1325757575758,116.4659090909091,1614.717484470104,715.4367055907071,1715.3035249921227,-185.14858263047347,138584.0779040404
180,Declaration FINAL_APPROVED by SUPERVISOR,organizational unit 65456,task 427,False,0.0,project 503,STAFF MEMBER,SUPERVISOR,277.98809523809524,135.18253968253967,2622.3928571428573,110.13492063492063,3170.0,549.5238095238095,117.61904761904762,1559.9158906947096,701.21071740557,1676.122394561459,-210.42817591060188,139008.83392857143
181,archive_application,organizational unit 65456,task 427,False,0.0,project 503,SYSTEM,UNDEFINED,254.68493150684932,134.97260273972603,2585.9623287671234,108.13356164383562,3170.0,529.6780821917808,108.83561643835617,6514.126504301935,2369.929516195887,1759.351874374666,4678.173424036556,146104.05319634703
182,Permit APPROVED by BUDGET OWNER,organizational unit 65456,task 427,False,0.0,project 503,STAFF MEMBER,BUDGET OWNER,252.8706896551724,132.8793103448276,2614.7586206896553,93.41379310344827,3170.0,521.25,100.45689655172414,13892.827882045089,4777.396470974604,1531.4555862030597,12434.383425351802,147529.70790229886
183,Request For Payment APPROVED by BUDGET OWNER,organizational unit 65456,task 427,False,0.0,project 503,STAFF MEMBER,BUDGET OWNER,277.4109589041096,132.78082191780823,2624.171232876712,92.1917808219178,3170.0,555.9794520547945,114.42465753424658,21391.233829175453,7155.935408309393,1640.8888997268919,19864.783702069166,151079.54543378996
184,Declaration APPROVED by BUDGET OWNER,organizational unit 65456,task 427,False,0.0,project 503,STAFF MEMBER,BUDGET OWNER,276.3980582524272,132.1359223300971,2662.4757281553398,100.62135922330097,3170.0,558.5922330097087,110.80582524271844,1409.1926582491733,651.1617601537862,1528.4816965071714,-63.22631815044609,143186.77394822004
185,Declaration REJECTED by ADMINISTRATION,organizational unit 65456,task 427,False,0.0,project 503,STAFF MEMBER,ADMINISTRATION,320.56944444444446,135.55555555555554,2656.472222222222,106.93055555555556,3170.0,571.0694444444445,144.31944444444446,1612.261282524686,735.252611193126,1819.7152082637617,-299.02635652025293,147969.96504629627
186,Declaration REJECTED by EMPLOYEE,organizational unit 65456,task 427,False,0.0,project 503,STAFF MEMBER,EMPLOYEE,312.6923076923077,134.46153846153845,2664.0128205128203,113.44871794871794,3170.0,573.3076923076923,139.5,1595.4603150362743,735.6719771992794,1815.7453045142238,-298.8143049321811,145232.2455128205
187,Request For Payment REJECTED by ADMINISTRATION,organizational unit 65456,task 427,False,0.0,project 503,STAFF MEMBER,ADMINISTRATION,222.93548387096774,132.24193548387098,2584.2903225806454,108.88709677419355,3170.0,470.241935483871,109.35483870967742,1880.4650712140485,887.4151081788527,1756.4344562542315,-62.01166613207541,139598.02553763438
188,Request For Payment REJECTED by EMPLOYEE,organizational unit 65456,task 427,False,0.0,project 503,STAFF MEMBER,EMPLOYEE,220.5,130.54545454545453,2572.0454545454545,106.78787878787878,3170.0,464.4848484848485,111.33333333333333,23908.717264805764,8067.069727879592,1741.9398865043731,21979.680458900526,142585.84368686867
189,Declaration SAVED by EMPLOYEE,organizational unit 65454,missing,False,missing,missing,STAFF MEMBER,EMPLOYEE,4.0,112.5,2066.0,69.5,1578.0,0.0,0.0,258.2584741653229,319.5,378.9862903187886,-141.05440929404824,75799.74166666667
190,Permit APPROVED by SUPERVISOR,organizational unit 65458,task 427,False,0.0,project 503,STAFF MEMBER,SUPERVISOR,250.075,136.05,2703.675,129.575,3170.0,574.0,100.075,2912.8846126408766,1079.1925953602633,3839.2607661931775,-1063.8975169084504,167658.705
191,Permit FINAL_APPROVED by DIRECTOR,organizational unit 65458,task 427,False,0.0,project 503,STAFF MEMBER,DIRECTOR,250.075,136.05,2703.675,129.575,3170.0,574.0,100.075,2912.8846126408766,1079.1925953602633,3839.2607661931775,-1063.8975169084504,167658.705
192,Request For Payment APPROVED by SUPERVISOR,organizational unit 65459,missing,False,0.0,project 503,STAFF MEMBER,SUPERVISOR,0.0,124.8,2503.0,95.6,3170.0,543.8,0.0,6092.310541857827,1705.8873588561855,6722.286983355625,-740.7405773712683,184354.91666666666
193,Request For Payment FINAL_APPROVED by DIRECTOR,organizational unit 65459,missing,False,0.0,project 503,STAFF MEMBER,DIRECTOR,0.0,124.8,2503.0,95.6,3170.0,543.8,0.0,6092.310541857827,1705.8873588561855,6722.286983355625,-740.7405773712683,184354.91666666666
194,Declaration APPROVED by SUPERVISOR,organizational unit 65459,missing,True,0.0,project 503,STAFF MEMBER,SUPERVISOR,120.8,139.0,2562.0,107.4,3170.0,428.2,83.6,4572.820619946137,1392.1796674592133,3756.718562965866,1139.1464522848528,133937.07666666666
195,Declaration FINAL_APPROVED by DIRECTOR,organizational unit 65459,missing,True,0.0,project 503,STAFF MEMBER,DIRECTOR,120.8,139.0,2562.0,107.4,3170.0,428.2,83.6,4572.820619946137,1392.1796674592133,3756.718562965866,1139.1464522848528,133937.07666666666
196,Permit REJECTED by SUPERVISOR,organizational unit 65456,task 427,False,0.0,project 503,STAFF MEMBER,SUPERVISOR,324.7142857142857,139.0,2708.1428571428573,99.42857142857143,3170.0,356.2857142857143,131.28571428571428,726.79609002649,515.8236105071556,897.9288810217529,-28.603739487088546,140875.73333333334
197,Permit REJECTED by EMPLOYEE,organizational unit 65456,task 427,False,0.0,project 503,STAFF MEMBER,EMPLOYEE,215.0952380952381,126.19047619047619,2568.9523809523807,115.47619047619048,3170.0,343.95238095238096,78.04761904761905,961.0967600888101,543.0110225945483,1232.4074317950794,-211.38234406872039,161853.24126984127
198,Permit REJECTED by BUDGET OWNER,organizational unit 65464,missing,False,0.0,project 503,STAFF MEMBER,BUDGET OWNER,59.285714285714285,123.42857142857143,2432.285714285714,152.57142857142858,3170.0,318.85714285714283,22.714285714285715,408.3028953662936,261.3490976959647,951.0287181323528,-407.16339972500504,185307.00238095244
199,Permit REJECTED by ADMINISTRATION,organizational unit 65454,task 427,False,0.0,project 503,STAFF MEMBER,ADMINISTRATION,261.2857142857143,116.14285714285714,2566.4285714285716,94.42857142857143,3170.0,356.7142857142857,80.14285714285714,1748.1912948736465,851.8603595805247,1848.2646962311326,-198.37989299406763,159376.98809523808
200,Request For Payment REJECTED by BUDGET OWNER,organizational unit 65464,task 427,False,0.0,project 503,STAFF MEMBER,BUDGET OWNER,139.5,139.0,2215.75,18.5,3170.0,479.0,141.0,365676.11898287095,119340.53152570227,1869.107029872046,363698.31175099476,181651.55416666667
201,start,organizational unit 65456,task 427,False,missing,missing,STAFF MEMBER,EMPLOYEE,230.7055449330784,135.45889101338432,2493.661567877629,114.91395793499044,1904.017208413002,0.0,0.0,812.5256692641873,293.2619502868069,1012.0168792086955,-164.17514272021648,86243.03422562139
202,Permit SUBMITTED by EMPLOYEE,organizational unit 65456,task 427,False,missing,missing,STAFF MEMBER,EMPLOYEE,227.36851851851853,135.2425925925926,2494.7944444444443,114.24259259259259,1904.8685185185186,0.0,0.0,818.5559799470407,294.8759259259259,1008.3713034494226,-160.38018832281085,87219.99459876544
203,Permit APPROVED by ADMINISTRATION,organizational unit 65456,task 427,False,missing,missing,STAFF MEMBER,ADMINISTRATION,229.71509433962265,135.37924528301886,2493.796226415094,114.63018867924528,1904.1132075471698,0.0,0.0,821.693947356609,293.53207547169814,1014.5006603274722,-164.11627464311104,86787.90248427672
204,Permit FINAL_APPROVED by SUPERVISOR,organizational unit 65456,task 427,False,missing,missing,STAFF MEMBER,SUPERVISOR,232.49101796407186,135.53493013972056,2494.6626746506986,113.23952095808383,1904.756487025948,0.0,0.0,727.5367737409254,305.2435129740519,907.8403427526005,-154.132307765705,84616.1992681304
205,Start trip,organizational unit 65456,task 427,False,missing,missing,STAFF MEMBER,EMPLOYEE,230.7055449330784,135.45889101338432,2493.661567877629,114.91395793499044,1904.017208413002,0.0,0.0,812.5256692641873,293.2619502868069,1012.0168792086955,-164.17514272021648,86243.03422562139
206,End trip,organizational unit 65456,task 427,False,missing,missing,STAFF MEMBER,EMPLOYEE,230.7055449330784,135.45889101338432,2493.661567877629,114.91395793499044,1904.017208413002,0.0,0.0,812.5256692641873,293.2619502868069,1012.0168792086955,-164.17514272021648,86243.03422562139
207,Declaration SUBMITTED by EMPLOYEE,organizational unit 65456,task 427,False,missing,missing,STAFF MEMBER,EMPLOYEE,228.865329512894,135.40401146131805,2499.71776504298,113.09169054441261,1908.5873925501432,0.0,0.0,851.8694028438593,296.5429799426934,1054.7314140042297,-161.54328791291562,91573.99983285577
208,Declaration REJECTED by ADMINISTRATION,organizational unit 65454,task 427,False,missing,missing,STAFF MEMBER,ADMINISTRATION,233.66887417218544,134.90066225165563,2511.0,108.31788079470199,1917.1390728476822,0.0,0.0,975.3591388578674,303.18543046357615,1187.3069954293478,-157.73282491291707,104823.9315673289
209,Declaration REJECTED by EMPLOYEE,organizational unit 65456,task 427,False,missing,missing,STAFF MEMBER,EMPLOYEE,222.69753086419752,135.179012345679,2510.1975308641977,107.45061728395062,1916.5185185185185,0.0,0.0,969.150279943307,306.679012345679,1193.6388699981599,-157.9426914020472,105831.72541152262
210,Declaration APPROVED by ADMINISTRATION,organizational unit 65456,task 427,False,missing,missing,STAFF MEMBER,ADMINISTRATION,227.4532110091743,135.5302752293578,2496.2899082568806,114.4256880733945,1905.9816513761468,0.0,0.0,816.1777120398442,294.0422018348624,1014.9165562074471,-163.436525537697,87828.87856269113
211,Declaration FINAL_APPROVED by SUPERVISOR,organizational unit 65456,task 427,False,missing,missing,STAFF MEMBER,SUPERVISOR,230.7747572815534,135.4990291262136,2496.0368932038837,113.81359223300971,1905.790291262136,0.0,0.0,728.8373200866007,303.59611650485436,927.6867965272739,-167.83368743071705,85900.6859223301
212,Request Payment,organizational unit 65456,task 427,False,missing,missing,SYSTEM,UNDEFINED,230.65355805243445,135.45880149812734,2496.2303370786517,114.81460674157303,1905.940074906367,0.0,0.0,814.7822802966991,292.7940074906367,1009.4445365228246,-163.49035013626158,87173.05799001249
213,Payment Handled,organizational unit 65456,task 427,False,missing,missing,SYSTEM,UNDEFINED,230.65355805243445,135.45880149812734,2496.2303370786517,114.81460674157303,1905.940074906367,0.0,0.0,814.7822802966991,292.7940074906367,1009.4445365228246,-163.49035013626158,87173.05799001249
214,archive_application,organizational unit 65456,task 427,False,missing,missing,SYSTEM,UNDEFINED,230.7055449330784,135.45889101338432,2493.661567877629,114.91395793499044,1904.017208413002,0.0,0.0,812.5256692641873,293.2619502868069,1012.0168792086955,-164.17514272021648,86243.03422562139
215,Permit APPROVED by BUDGET OWNER,organizational unit 65456,task 427,False,missing,missing,STAFF MEMBER,BUDGET OWNER,224.01754385964912,133.1345029239766,2480.7602339181285,110.5906432748538,1894.3157894736842,0.0,0.0,782.4747799511969,318.69590643274853,951.2557875365441,-109.44160040305881,91809.36890838206
216,Declaration APPROVED by BUDGET OWNER,organizational unit 65456,task 427,False,missing,missing,STAFF MEMBER,BUDGET OWNER,221.01111111111112,134.16666666666666,2480.35,108.12777777777778,1894.0611111111111,0.0,0.0,778.3983382631785,318.3666666666667,971.3935492785263,-128.2677908208185,93233.2799074074
217,Permit APPROVED by SUPERVISOR,organizational unit 65458,missing,False,missing,missing,STAFF MEMBER,SUPERVISOR,190.04545454545453,133.72727272727272,2470.8636363636365,153.04545454545453,1887.1818181818182,0.0,0.0,2747.9546082257443,20.40909090909091,3384.4007321406793,-392.8778841843181,123290.50303030302
218,Permit FINAL_APPROVED by DIRECTOR,organizational unit 65458,missing,False,missing,missing,STAFF MEMBER,DIRECTOR,190.04545454545453,133.72727272727272,2470.8636363636365,153.04545454545453,1887.1818181818182,0.0,0.0,2747.9546082257443,20.40909090909091,3384.4007321406793,-392.8778841843181,123290.50303030302
219,Declaration REJECTED by SUPERVISOR,organizational unit 65456,missing,False,missing,missing,STAFF MEMBER,SUPERVISOR,74.6,139.0,2520.1,93.2,1923.6,0.0,0.0,963.3548011138622,375.2,1367.7992776357946,-155.8065165946779,122248.06833333331
220,Send Reminder,organizational unit 65458,task 427,False,missing,missing,SYSTEM,UNDEFINED,217.02272727272728,134.61363636363637,2542.1363636363635,129.4090909090909,1940.8636363636363,0.0,0.0,890.5972168510955,210.20454545454547,1138.7785091856322,-155.4591007841358,146023.61325757575
221,Declaration APPROVED by SUPERVISOR,organizational unit 65458,task 427,False,missing,missing,STAFF MEMBER,SUPERVISOR,227.3684210526316,134.3684210526316,2501.4736842105262,141.94736842105263,1910.0,0.0,0.0,3144.343043886207,0.0,3225.5095942969606,-45.76304978654698,121661.03771929826
222,Declaration FINAL_APPROVED by DIRECTOR,organizational unit 65458,task 427,False,missing,missing,STAFF MEMBER,DIRECTOR,227.3684210526316,134.3684210526316,2501.4736842105262,141.94736842105263,1910.0,0.0,0.0,3144.343043886207,0.0,3225.5095942969606,-45.76304978654698,121661.03771929826
223,Permit REJECTED by SUPERVISOR,organizational unit 65456,task 427,False,missing,missing,STAFF MEMBER,SUPERVISOR,181.66666666666666,139.0,2451.0,99.5,1871.6666666666667,0.0,0.0,1672.976879380263,232.33333333333334,1285.5092502609257,-194.05947830384727,136441.28055555557
224,Permit REJECTED by EMPLOYEE,organizational unit 65466,missing,False,missing,missing,STAFF MEMBER,EMPLOYEE,124.70588235294117,128.58823529411765,2529.6470588235293,93.58823529411765,1931.0588235294117,0.0,0.0,1004.0767144842359,344.52941176470586,896.2162374435513,-43.62953244968641,117275.89313725488
225,Request For Payment SAVED by EMPLOYEE,organizational unit 65456,missing,True,0.0,project 503,STAFF MEMBER,EMPLOYEE,261.0,114.5,2364.5,76.5,3170.0,240.0,6.0,1538.8154979543197,432.25960095975347,1195.4579247696952,534.2107588230073,122954.29166666667
226,Request For Payment REJECTED by SUPERVISOR,organizational unit 65456,task 427,False,0.0,project 503,STAFF MEMBER,SUPERVISOR,290.3333333333333,92.66666666666667,2379.6666666666665,149.66666666666666,3170.0,329.0,167.33333333333334,727.8356565388953,473.5936572513346,1089.854975298327,-701.1974026805283,153851.85
227,Permit REJECTED by ADMINISTRATION,organizational unit 65466,missing,False,missing,missing,STAFF MEMBER,ADMINISTRATION,103.0,128.0,2547.7,93.7,1944.9,0.0,0.0,652.2437072399168,366.1,683.515388912788,37.632386653098,110120.87666666666
228,Declaration REJECTED by BUDGET OWNER,organizational unit 65456,task 427,False,missing,missing,STAFF MEMBER,BUDGET OWNER,47.0,139.0,2290.0,119.0,1752.0,0.0,0.0,89.56737213910151,149.0,408.14785351240766,-210.9942793343937,93845.16666666669
229,Declaration REJECTED by SUPERVISOR,organizational unit 65455,task 427,False,0.0,project 503,STAFF MEMBER,SUPERVISOR,225.6,117.8,2671.2,163.6,3170.0,582.8,89.2,1618.4584486107988,729.8877478846887,1607.845720705,-64.63037443008359,132877.25666666665
230,Declaration SAVED by EMPLOYEE,organizational unit 65459,task 427,False,missing,missing,STAFF MEMBER,EMPLOYEE,61.0,139.0,2421.0,187.0,1853.0,0.0,0.0,380.5415813581433,748.0,2223.5134542616897,-1692.065720679145,207608.6
231,Declaration REJECTED by BUDGET OWNER,organizational unit 65458,missing,False,0.0,project 503,STAFF MEMBER,BUDGET OWNER,341.0,139.0,2703.0,177.0,3170.0,586.0,121.5,1115.1080511279533,779.9262065117758,1817.2328750392217,-611.9529371235824,110949.375
232,Declaration SAVED by EMPLOYEE,organizational unit 65454,missing,True,0.0,project 503,STAFF MEMBER,EMPLOYEE,0.0,139.0,2556.0,160.0,3170.0,552.0,0.0,935.6657398704858,935.6657398704858,1145.7131508618197,290.65860511381595,143243.53333333333
233,Permit REJECTED by BUDGET OWNER,organizational unit 65466,missing,True,missing,missing,STAFF MEMBER,BUDGET OWNER,0.0,72.0,2821.0,57.0,2149.0,0.0,0.0,509.0057975512659,802.0,687.4666458469426,46.33095164743446,73833.73333333334
234,start,organizational unit 65458,task 427,False,missing,missing,STAFF MEMBER,EMPLOYEE,198.91053677932405,135.20079522862824,3188.111332007952,110.69980119284294,2420.328031809145,0.0,0.0,860.4651019184302,286.62027833001986,1011.2870376780495,-137.40460624705935,101798.44758117959
235,Permit SUBMITTED by EMPLOYEE,organizational unit 65458,task 427,False,missing,missing,STAFF MEMBER,EMPLOYEE,199.55075187969925,135.18233082706766,3187.8289473684213,110.08834586466165,2421.3890977443607,0.0,0.0,863.9583896372994,281.4548872180451,1022.7884723533326,-138.52193781469555,104324.79915413533
236,Permit APPROVED by ADMINISTRATION,organizational unit 65458,task 427,False,missing,missing,STAFF MEMBER,ADMINISTRATION,203.4173387096774,134.9959677419355,3171.9879032258063,109.86693548387096,2408.8366935483873,0.0,0.0,857.0120126040058,288.6633064516129,1022.3311013276106,-136.4397809437302,103908.7025873656
237,Permit FINAL_APPROVED by SUPERVISOR,organizational unit 65456,task 427,False,missing,missing,STAFF MEMBER,SUPERVISOR,199.98736842105262,135.4842105263158,3188.722105263158,109.7221052631579,2420.981052631579,0.0,0.0,786.6948752406151,302.67578947368423,899.165540356637,-108.76240866795982,99604.70157894737
238,Start trip,organizational unit 65458,task 427,False,missing,missing,STAFF MEMBER,EMPLOYEE,198.91053677932405,135.20079522862824,3188.111332007952,110.69980119284294,2420.328031809145,0.0,0.0,860.4651019184302,286.62027833001986,1011.2870376780495,-137.40460624705935,101798.44758117959
239,End trip,organizational unit 65458,task 427,False,missing,missing,STAFF MEMBER,EMPLOYEE,198.91053677932405,135.20079522862824,3188.111332007952,110.69980119284294,2420.328031809145,0.0,0.0,860.4651019184302,286.62027833001986,1011.2870376780495,-137.40460624705935,101798.44758117959
240,Declaration SUBMITTED by EMPLOYEE,organizational unit 65458,task 427,False,missing,missing,STAFF MEMBER,EMPLOYEE,193.7601156069364,135.13294797687863,3186.9826589595377,111.07658959537572,2418.676300578035,0.0,0.0,955.0572251790146,279.1401734104046,1109.4928170064352,-131.13308605383233,110349.31936416186
241,Declaration REJECTED by ADMINISTRATION,organizational unit 65456,task 427,False,missing,missing,STAFF MEMBER,ADMINISTRATION,193.1042944785276,134.68098159509202,3172.5828220858893,111.42944785276073,2410.840490797546,0.0,0.0,1082.3280334885092,259.7914110429448,1261.8834260816157,-132.42162765175854,123354.33271983638
242,Declaration REJECTED by EMPLOYEE,organizational unit 65456,task 427,False,missing,missing,STAFF MEMBER,EMPLOYEE,182.92655367231637,134.8135593220339,3173.6553672316386,110.34463276836158,2411.1638418079096,0.0,0.0,1072.0593329417459,261.9039548022599,1238.179556905602,-130.11775868005472,122828.13314500941
243,Declaration APPROVED by ADMINISTRATION,organizational unit 65458,task 427,False,missing,missing,STAFF MEMBER,ADMINISTRATION,198.73214285714286,135.21626984126985,3174.8670634920636,110.38095238095238,2409.313492063492,0.0,0.0,912.5682998314992,287.0138888888889,1062.1516147888615,-124.13526901772296,105217.89262566138
244,Declaration FINAL_APPROVED by SUPERVISOR,organizational unit 65458,task 427,False,missing,missing,STAFF MEMBER,SUPERVISOR,195.28427419354838,135.39314516129033,3189.0544354838707,110.75806451612904,2419.5181451612902,0.0,0.0,843.453437760861,294.71975806451616,992.5120578638183,-133.73346613712278,104236.62059811827
245,Request Payment,organizational unit 65458,task 427,False,missing,missing,SYSTEM,UNDEFINED,197.54724409448818,135.23031496062993,3188.3877952755906,111.13385826771653,2418.994094488189,0.0,0.0,910.4329532174256,285.8090551181102,1062.6934614067084,-132.47987152614664,103750.38661417321
246,Payment Handled,organizational unit 65458,task 427,False,missing,missing,SYSTEM,UNDEFINED,197.53725490196078,135.2450980392157,3188.8411764705884,111.09803921568627,2419.31568627451,0.0,0.0,909.8043372756357,285.3235294117647,1062.0538034907017,-132.3123817686948,105090.03790849673
247,archive_application,organizational unit 65458,task 427,False,missing,missing,SYSTEM,UNDEFINED,198.91053677932405,135.20079522862824,3188.111332007952,110.69980119284294,2420.328031809145,0.0,0.0,860.4651019184302,286.62027833001986,1011.2870376780495,-137.40460624705935,101798.44758117959
248,Declaration APPROVED by BUDGET OWNER,organizational unit 65456,task 427,False,missing,missing,STAFF MEMBER,BUDGET OWNER,196.67914438502675,135.27272727272728,3194.700534759358,98.00534759358288,2422.085561497326,0.0,0.0,904.1177636082242,289.09090909090907,1063.960788991442,-129.2985676535728,110582.63600713013
249,Permit APPROVED by BUDGET OWNER,organizational unit 65456,task 427,False,missing,missing,STAFF MEMBER,BUDGET OWNER,196.86021505376345,135.252688172043,3200.483870967742,98.93548387096774,2426.2634408602153,0.0,0.0,894.6963762771833,281.5376344086022,1068.3494106171695,-150.55211770401607,111692.78288530467
250,Send Reminder,organizational unit 65458,task 427,False,missing,missing,SYSTEM,UNDEFINED,220.92307692307693,134.2153846153846,3165.3384615384616,108.03076923076924,2423.7384615384617,0.0,0.0,718.4118430464656,274.16923076923075,1003.5008032352231,-176.35880377340345,181587.8876923077
251,Permit REJECTED by ADMINISTRATION,organizational unit 65454,missing,False,missing,missing,STAFF MEMBER,ADMINISTRATION,243.69230769230768,139.0,3195.3076923076924,96.0,2480.076923076923,0.0,0.0,1097.4785998957473,129.07692307692307,1148.5980941810712,13.389055530029431,81832.26666666666
252,Permit REJECTED by EMPLOYEE,organizational unit 65456,task 427,False,missing,missing,STAFF MEMBER,EMPLOYEE,210.6551724137931,134.86206896551724,3182.9310344827586,99.48275862068965,2439.793103448276,0.0,0.0,924.548862830104,191.86206896551724,1222.2788737901387,-157.9018612119717,148143.9316091954
253,Permit APPROVED by SUPERVISOR,organizational unit 65458,task 427,False,missing,missing,STAFF MEMBER,SUPERVISOR,180.64285714285714,130.39285714285714,3177.75,127.28571428571429,2409.25,0.0,0.0,2111.9243044885043,14.25,2913.3481529520113,-623.2990294639259,139013.78154761903
254,Permit FINAL_APPROVED by DIRECTOR,organizational unit 65458,task 427,False,missing,missing,STAFF MEMBER,DIRECTOR,180.64285714285714,130.39285714285714,3177.75,127.28571428571429,2409.25,0.0,0.0,2111.9243044885043,14.25,2913.3481529520113,-623.2990294639259,139013.78154761903
255,Declaration REJECTED by BUDGET OWNER,organizational unit 65456,missing,False,missing,missing,STAFF MEMBER,BUDGET OWNER,25.0,126.66666666666667,3142.3333333333335,93.33333333333333,2382.6666666666665,0.0,0.0,1536.1171883126506,76.33333333333333,1725.2742417615034,-654.3887782283546,146693.80555555553
256,Declaration APPROVED by SUPERVISOR,organizational unit 65458,task 427,False,missing,missing,STAFF MEMBER,SUPERVISOR,228.41176470588235,130.41176470588235,3243.470588235294,133.05882352941177,2456.6470588235293,0.0,0.0,2946.2712224564143,0.0,3127.2933391811553,-94.34089920467247,143936.35392156863
257,Declaration FINAL_APPROVED by DIRECTOR,organizational unit 65458,task 427,False,missing,missing,STAFF MEMBER,DIRECTOR,228.41176470588235,130.41176470588235,3243.470588235294,133.05882352941177,2456.6470588235293,0.0,0.0,2946.2712224564143,0.0,3127.2933391811553,-94.34089920467247,143936.35392156863
258,Declaration REJECTED by SUPERVISOR,organizational unit 65458,missing,False,missing,missing,STAFF MEMBER,SUPERVISOR,92.8,139.0,3150.7,101.9,2390.2,0.0,0.0,741.5883564611479,340.5,740.3078907687833,74.45503692798248,130493.37833333333
259,Permit REJECTED by BUDGET OWNER,organizational unit 65458,task 427,False,missing,missing,STAFF MEMBER,BUDGET OWNER,261.4,115.0,3040.2,117.0,2311.0,0.0,0.0,758.255698873709,369.2,1260.5227009058694,-338.3822928332272,350288.8433333333
260,Permit REJECTED by SUPERVISOR,organizational unit 65456,missing,False,missing,missing,STAFF MEMBER,SUPERVISOR,140.25,139.0,3125.25,91.375,2373.25,0.0,0.0,678.2683551259736,206.875,1403.47645809832,-300.83483903376504,137052.66249999998
261,start,organizational unit 65455,task 427,False,0.0,project 503,STAFF MEMBER,EMPLOYEE,303.0531561461794,136.734219269103,3690.2558139534885,133.22591362126246,3170.0,855.3023255813954,156.3156146179402,1761.3430102110606,908.0754468954301,1939.516961392887,-132.02951166312326,163314.02746400886
262,Permit SUBMITTED by EMPLOYEE,organizational unit 65458,task 427,False,0.0,project 503,STAFF MEMBER,EMPLOYEE,305.95665634674924,136.64705882352942,3695.9752321981423,135.58204334365325,3170.0,856.984520123839,157.53250773993807,1795.5569208209267,919.3923799038022,1979.7353466919878,-131.62982147571518,165310.72368421053
263,Permit APPROVED by ADMINISTRATION,organizational unit 65456,task 427,False,0.0,project 503,STAFF MEMBER,ADMINISTRATION,299.375,136.24264705882354,3545.3676470588234,125.54411764705883,3170.0,812.3161764705883,161.01470588235293,1703.5400275256932,800.2155522127563,1935.212920343178,-305.1925640935269,153725.81188725488
264,Permit FINAL_APPROVED by SUPERVISOR,organizational unit 65455,task 427,False,0.0,project 503,STAFF MEMBER,SUPERVISOR,315.7119341563786,136.46913580246914,3700.1316872427983,130.38683127572017,3170.0,858.0,159.0164609053498,1452.524368147875,780.7381564540508,1587.883335350308,-142.4497682634338,159967.00363511656
265,Request For Payment SUBMITTED by EMPLOYEE,organizational unit 65455,task 427,False,0.0,project 503,STAFF MEMBER,EMPLOYEE,316.19772727272726,136.35454545454544,3689.193181818182,131.5681818181818,3170.0,855.075,162.12954545454545,1890.9873812258734,796.4832684767034,2059.9880138395743,-127.01093889749176,166601.20310606062
266,Request For Payment APPROVED by ADMINISTRATION,organizational unit 65455,task 427,False,0.0,project 503,STAFF MEMBER,ADMINISTRATION,311.45853658536583,135.12682926829268,3585.6243902439023,125.09268292682927,3170.0,824.6390243902439,164.29756097560977,1865.8150796342447,686.5531930862236,2077.647355491417,-282.81333288582414,155456.94609756098
267,Request For Payment FINAL_APPROVED by SUPERVISOR,organizational unit 65455,task 427,False,0.0,project 503,STAFF MEMBER,SUPERVISOR,322.605,136.2225,3692.855,132.37,3170.0,856.235,161.78,1794.8489657969667,717.1073259959495,1975.4560256429186,-184.37328393963458,166412.60995833334
268,Request Payment,organizational unit 65455,task 427,False,0.0,project 503,SYSTEM,UNDEFINED,313.3181818181818,135.9633431085044,3685.8724340175954,131.74193548387098,3170.0,854.1392961876833,158.26392961876832,1855.859824339711,822.0917418876542,2007.7587886964595,-135.0779081580863,156831.16490713588
269,Payment Handled,organizational unit 65455,task 427,False,0.0,project 503,SYSTEM,UNDEFINED,312.68575624082234,135.9588839941263,3685.870778267254,131.6769456681351,3170.0,854.1292217327459,157.97503671071954,1853.315247814251,822.2257198433241,2007.0976048947568,-136.93660035879103,156703.62731277532
270,Start trip,organizational unit 65455,task 427,False,0.0,project 503,STAFF MEMBER,EMPLOYEE,303.0531561461794,136.734219269103,3690.2558139534885,133.22591362126246,3170.0,855.3023255813954,156.3156146179402,1761.3430102110606,908.0754468954301,1939.516961392887,-132.02951166312326,163314.02746400886
271,End trip,organizational unit 65455,task 427,False,0.0,project 503,STAFF MEMBER,EMPLOYEE,303.0531561461794,136.734219269103,3690.2558139534885,133.22591362126246,3170.0,855.3023255813954,156.3156146179402,1761.3430102110606,908.0754468954301,1939.516961392887,-132.02951166312326,163314.02746400886
272,Declaration SUBMITTED by EMPLOYEE,organizational unit 65455,task 427,False,0.0,project 503,STAFF MEMBER,EMPLOYEE,318.2332361516035,136.20991253644314,3665.807580174927,131.1545189504373,3170.0,848.0962099125364,159.4402332361516,1859.6732956350947,877.3783459386656,1933.7947131382732,-111.66501811042993,148329.81793002915
273,Declaration APPROVED by ADMINISTRATION,organizational unit 65455,task 427,False,0.0,project 503,STAFF MEMBER,ADMINISTRATION,302.09859154929575,133.5,3572.676056338028,123.8169014084507,3170.0,821.1549295774648,150.96478873239437,1809.3409775491525,793.1152008270384,1912.3527950909884,-206.86275359264158,137735.13591549292
274,Declaration FINAL_APPROVED by SUPERVISOR,organizational unit 65455,task 427,False,0.0,project 503,STAFF MEMBER,SUPERVISOR,317.2996389891697,135.5451263537906,3677.303249097473,128.75812274368232,3170.0,851.5234657039712,156.5306859205776,1737.7282159625433,838.0452880683326,1870.764493407849,-140.45611678338435,144789.95866425993
275,archive_application,organizational unit 65455,task 427,False,0.0,project 503,SYSTEM,UNDEFINED,303.0531561461794,136.734219269103,3690.2558139534885,133.22591362126246,3170.0,855.3023255813954,156.3156146179402,1761.3430102110606,908.0754468954301,1939.516961392887,-132.02951166312326,163314.02746400886
276,Permit APPROVED by SUPERVISOR,organizational unit 65458,task 427,False,0.0,project 503,STAFF MEMBER,SUPERVISOR,271.75384615384615,137.96923076923076,3685.123076923077,148.63076923076923,3170.0,854.3846153846154,147.8923076923077,3023.2607734177113,1428.1910235620364,3383.886756725282,-77.82783855651465,179211.56846153844
277,Permit FINAL_APPROVED by DIRECTOR,organizational unit 65458,task 427,False,0.0,project 503,STAFF MEMBER,DIRECTOR,271.75384615384615,137.96923076923076,3685.123076923077,148.63076923076923,3170.0,854.3846153846154,147.8923076923077,3023.2607734177113,1428.1910235620364,3383.886756725282,-77.82783855651465,179211.56846153844
278,Send Reminder,organizational unit 65458,task 427,False,0.0,project 503,SYSTEM,UNDEFINED,303.04,136.54666666666665,3709.0266666666666,143.98666666666668,3170.0,860.7733333333333,181.88,1439.6833288844655,1220.5771693303618,1961.9511932537387,-219.85134062454836,317745.32177777775
279,Permit APPROVED by BUDGET OWNER,organizational unit 65458,task 427,False,0.0,project 503,STAFF MEMBER,BUDGET OWNER,275.09302325581393,137.65116279069767,3581.186046511628,134.8372093023256,3170.0,822.0930232558139,142.1860465116279,2118.8703541822756,1053.8670151529966,2289.7207475675746,52.76820931713194,149493.41744186048
280,Request For Payment APPROVED by BUDGET OWNER,organizational unit 65456,task 427,False,0.0,project 503,STAFF MEMBER,BUDGET OWNER,290.2345679012346,136.55555555555554,3655.395061728395,133.4320987654321,3170.0,844.9629629629629,154.62962962962962,2298.138211946944,792.2264759253904,2494.7944157867337,-25.105144550785504,154621.1144032922
281,Declaration REJECTED by ADMINISTRATION,organizational unit 65456,task 427,False,0.0,project 503,STAFF MEMBER,ADMINISTRATION,323.1875,139.0,3508.53125,131.03125,3170.0,801.1875,183.75,1992.5382639262464,899.1327863508218,2015.277258800193,-367.5330856825559,173085.50989583333
282,Declaration REJECTED by EMPLOYEE,organizational unit 65455,task 427,False,0.0,project 503,STAFF MEMBER,EMPLOYEE,329.70588235294116,139.0,3603.274509803922,136.37254901960785,3170.0,828.9411764705883,179.0392156862745,2053.9397935805277,911.0837143601086,1928.3336110306868,-177.9830073544553,154200.83725490194
283,Declaration APPROVED by BUDGET OWNER,organizational unit 65458,task 427,False,0.0,project 503,STAFF MEMBER,BUDGET OWNER,279.9583333333333,136.66666666666666,3615.7291666666665,124.4375,3170.0,833.2291666666666,149.14583333333334,2246.2353036745044,960.7202725485992,2386.274177350893,-56.16345878041875,134694.68402777778
284,Declaration REJECTED by SUPERVISOR,organizational unit 65455,task 427,False,0.0,project 503,STAFF MEMBER,SUPERVISOR,273.5,139.0,3606.5,161.5,3170.0,833.8333333333334,152.0,1944.3455695201071,450.861775954495,2060.8472159800576,-593.6674205149192,144735.14444444445
285,Permit REJECTED by ADMINISTRATION,organizational unit 65456,task 427,False,0.0,project 503,STAFF MEMBER,ADMINISTRATION,339.5,139.0,3256.5,172.5,3170.0,729.5,319.5,706.727574543499,516.6704574385622,735.638715930631,-653.5513838617085,60863.691666666666
286,Permit REJECTED by EMPLOYEE,organizational unit 65455,task 427,True,0.0,project 503,STAFF MEMBER,EMPLOYEE,296.1333333333333,133.8,3675.6666666666665,163.2,3170.0,851.8,175.26666666666668,2032.6342462049615,960.7966772707607,2243.081820282923,-189.48860949787547,191641.99444444443
287,Request For Payment REJECTED by ADMINISTRATION,organizational unit 65454,missing,True,0.0,project 503,STAFF MEMBER,ADMINISTRATION,218.6,137.7,3501.1,119.4,3170.0,796.7,128.5,2184.2506760641395,1162.5410346488181,2234.2470286586586,409.60875755984307,114530.13
288,Request For Payment REJECTED by EMPLOYEE,organizational unit 65455,missing,True,0.0,project 503,STAFF MEMBER,EMPLOYEE,264.4230769230769,137.80769230769232,3641.3076923076924,128.69230769230768,3170.0,840.9615384615385,151.84615384615384,1868.4201224836347,798.6014458794945,2139.4718452753846,49.00809719715285,163854.16282051284
289,Declaration SAVED by EMPLOYEE,organizational unit 65460,missing,False,0.0,project 503,STAFF MEMBER,EMPLOYEE,167.11111111111111,68.88888888888889,3566.777777777778,95.22222222222223,3170.0,819.1111111111111,69.11111111111111,1872.8296767436882,627.1204186751929,1988.9049122289402,-454.48422204157316,110829.59074074075
290,start,organizational unit 65455,task 427,False,missing,missing,STAFF MEMBER,EMPLOYEE,387.58252427184465,137.46019417475728,3892.3165048543688,123.48932038834951,2925.2893203883496,0.0,2.29126213592233,1024.568457596268,282.96171803351325,1212.277839335821,-213.0945314720254,111493.35475728154
291,Permit SUBMITTED by EMPLOYEE,organizational unit 65455,task 427,False,missing,missing,STAFF MEMBER,EMPLOYEE,388.1714801444043,137.56859205776172,3895.4819494584835,124.18953068592057,2929.01083032491,0.0,2.1299638989169676,1022.5766014975694,281.87416026581104,1223.5523255457304,-215.15995258346535,113838.31726835138
292,Permit APPROVED by ADMINISTRATION,organizational unit 65456,task 427,False,missing,missing,STAFF MEMBER,ADMINISTRATION,392.3360655737705,136.10655737704917,4001.4754098360654,124.79508196721312,3029.598360655738,0.0,3.2295081967213113,1070.6464608993183,254.99739745856886,1024.0781626574824,-68.20986119951392,113544.82390710383
293,Permit REJECTED by BUDGET OWNER,organizational unit 65458,missing,False,missing,missing,STAFF MEMBER,BUDGET OWNER,206.66666666666666,139.0,3886.0,109.0,3134.0,0.0,0.0,628.3555633679448,0.0,615.1374193822908,-91.13553972512175,212826.2333333333
294,Permit REJECTED by EMPLOYEE,organizational unit 65458,task 427,False,missing,missing,STAFF MEMBER,EMPLOYEE,413.7931034482759,139.0,3944.4827586206898,126.03448275862068,2994.0,0.0,0.0,1014.1393318827584,172.58620689655172,1157.7059547961526,-94.01702878327973,144541.79425287354
295,Permit FINAL_APPROVED by SUPERVISOR,organizational unit 65455,task 427,False,missing,missing,STAFF MEMBER,SUPERVISOR,385.07990867579906,137.5068493150685,3897.2488584474886,124.73287671232876,2926.958904109589,0.0,2.038812785388128,731.0113119252109,330.5171558183192,839.8117296819709,-148.951854022538,101602.55102739728
296,Start trip,organizational unit 65455,task 427,False,missing,missing,STAFF MEMBER,EMPLOYEE,387.58252427184465,137.46019417475728,3892.3165048543688,123.48932038834951,2925.2893203883496,0.0,2.29126213592233,1024.568457596268,282.96171803351325,1212.277839335821,-213.0945314720254,111493.35475728154
297,End trip,organizational unit 65455,task 427,False,missing,missing,STAFF MEMBER,EMPLOYEE,387.58252427184465,137.46019417475728,3892.3165048543688,123.48932038834951,2925.2893203883496,0.0,2.29126213592233,1024.568457596268,282.96171803351325,1212.277839335821,-213.0945314720254,111493.35475728154
298,Send Reminder,organizational unit 65458,task 427,False,missing,missing,SYSTEM,UNDEFINED,318.6585365853659,133.9512195121951,3924.4634146341464,101.1951219512195,3022.3414634146343,0.0,0.6829268292682927,608.3113548240335,195.51301966505963,761.9578528970362,-299.9911295345991,258946.3203252033
299,archive_application,organizational unit 65455,task 427,False,missing,missing,SYSTEM,UNDEFINED,387.58252427184465,137.46019417475728,3892.3165048543688,123.48932038834951,2925.2893203883496,0.0,2.29126213592233,1024.568457596268,282.96171803351325,1212.277839335821,-213.0945314720254,111493.35475728154
300,Permit APPROVED by BUDGET OWNER,organizational unit 65458,task 427,False,missing,missing,STAFF MEMBER,BUDGET OWNER,392.2105263157895,133.1578947368421,3991.157894736842,134.47368421052633,3018.4210526315787,0.0,0.3684210526315789,888.8875518315791,285.56651673242186,846.5578998692946,-83.58681816293375,105142.63991228068
301,Request For Payment SUBMITTED by EMPLOYEE,organizational unit 65459,task 427,True,0.0,project 503,STAFF MEMBER,EMPLOYEE,343.3,131.8,3427.7,109.4,3170.0,0.0,61.8,2395.4990601648665,407.2995207018513,1819.2092517626886,746.574859043013,164336.01333333334
302,Request For Payment APPROVED by ADMINISTRATION,organizational unit 65459,missing,True,0.0,project 503,STAFF MEMBER,ADMINISTRATION,222.66666666666666,123.0,3340.6666666666665,129.33333333333334,3170.0,0.0,0.0,3712.5847242540726,303.4558136112333,3191.8243711151767,875.3025436129386,197496.38888888888
303,Request For Payment APPROVED by BUDGET OWNER,organizational unit 65454,task 427,True,0.0,project 503,STAFF MEMBER,BUDGET OWNER,668.0,139.0,3328.0,160.0,3170.0,0.0,0.0,1760.4965926816203,452.5107326983093,1357.532198094928,499.3901198245883,170054.5
304,Declaration SUBMITTED by EMPLOYEE,organizational unit 65455,task 427,False,missing,missing,STAFF MEMBER,EMPLOYEE,392.6880341880342,137.0954415954416,3884.9159544159543,125.26638176638177,2919.9900284900286,0.0,2.611111111111111,1134.412593133555,287.0409909625428,1358.2023292826343,-259.97733688382255,124334.44529914529
305,Request For Payment REJECTED by ADMINISTRATION,organizational unit 65459,task 427,True,0.0,project 503,STAFF MEMBER,ADMINISTRATION,344.8333333333333,135.0,3409.5,96.66666666666667,3170.0,0.0,48.833333333333336,2127.9668092041984,522.9348226222271,1370.2642065430782,862.6554850492447,163378.775
306,Request For Payment FINAL_APPROVED by SUPERVISOR,organizational unit 65459,missing,True,0.0,project 503,STAFF MEMBER,SUPERVISOR,222.66666666666666,123.0,3340.6666666666665,129.33333333333334,3170.0,0.0,0.0,3712.5847242540726,303.4558136112333,3191.8243711151767,875.3025436129386,197496.38888888888
307,Request For Payment REJECTED by EMPLOYEE,organizational unit 65459,task 427,True,0.0,project 503,STAFF MEMBER,EMPLOYEE,416.5,135.0,3470.1666666666665,104.16666666666667,3170.0,0.0,87.5,1828.7250398494334,434.20724181782225,1343.2058481672466,601.6354415668394,150887.34166666665
308,Declaration APPROVED by ADMINISTRATION,organizational unit 65458,task 427,False,missing,missing,STAFF MEMBER,ADMINISTRATION,387.92045454545456,136.71022727272728,3982.4204545454545,129.51136363636363,2997.005681818182,0.0,2.159090909090909,1068.605450271104,259.83663616728575,1201.0762552579965,-175.87643482105344,141387.55104166668
309,Declaration APPROVED by BUDGET OWNER,organizational unit 65458,task 427,False,missing,missing,STAFF MEMBER,BUDGET OWNER,330.3921568627451,134.37254901960785,3966.3137254901962,134.27450980392157,2998.294117647059,0.0,0.0,1003.404153793793,305.2945385371886,888.7370589019134,-84.65984415604221,113317.73562091502
310,Request Payment,organizational unit 65455,task 427,False,missing,missing,SYSTEM,UNDEFINED,396.1926605504587,137.50091743119265,3880.7908256880733,126.35779816513761,2916.8844036697246,0.0,2.1394495412844035,1113.8453254322046,277.8536104653026,1368.4720201496623,-275.48133836721803,124378.99678899083
311,Declaration FINAL_APPROVED by SUPERVISOR,organizational unit 65455,task 427,False,missing,missing,STAFF MEMBER,SUPERVISOR,397.3320754716981,137.30754716981133,3884.3716981132075,126.50943396226415,2914.8264150943396,0.0,1.6584905660377358,888.5230820154547,312.2849209018649,1131.3176670357393,-271.20573035230154,120647.46418238991
312,Payment Handled,organizational unit 65455,task 427,False,missing,missing,SYSTEM,UNDEFINED,396.1926605504587,137.50091743119265,3880.7908256880733,126.35779816513761,2916.8844036697246,0.0,2.1394495412844035,1113.8453254322046,277.8536104653026,1368.4720201496623,-275.48133836721803,124378.99678899083
313,Permit APPROVED by SUPERVISOR,organizational unit 65458,task 427,False,missing,missing,STAFF MEMBER,SUPERVISOR,395.1954022988506,137.4022988505747,3870.2528735632186,120.83908045977012,2917.67816091954,0.0,3.2988505747126435,2493.2694480667938,73.41115561879872,3177.4365294545164,-588.8644578695753,165204.57911877395
314,Permit FINAL_APPROVED by DIRECTOR,organizational unit 65458,task 427,False,missing,missing,STAFF MEMBER,DIRECTOR,395.1954022988506,137.4022988505747,3870.2528735632186,120.83908045977012,2917.67816091954,0.0,3.2988505747126435,2493.2694480667938,73.41115561879872,3177.4365294545164,-588.8644578695753,165204.57911877395
315,Declaration REJECTED by ADMINISTRATION,organizational unit 65458,missing,False,missing,missing,STAFF MEMBER,ADMINISTRATION,279.25,132.4318181818182,4005.5,129.54545454545453,3069.6136363636365,0.0,15.159090909090908,2003.1760960726251,266.2710316579286,1934.904640534169,-20.618205308813433,152757.98712121212
316,Declaration REJECTED by EMPLOYEE,organizational unit 65455,task 427,False,missing,missing,STAFF MEMBER,EMPLOYEE,364.1296296296296,134.92592592592592,3906.6018518518517,121.25925925925925,2957.25,0.0,6.175925925925926,1374.1562960475567,310.5641240087857,1449.8672915298173,-176.08546580024745,128901.96697530865
317,Request For Payment APPROVED by SUPERVISOR,organizational unit 65458,task 427,True,0.0,project 503,STAFF MEMBER,SUPERVISOR,229.28571428571428,137.42857142857142,3673.5,114.0,3170.0,848.1428571428571,191.21428571428572,4679.709874001647,3060.433581321632,4327.574846791799,1185.0207095593912,177091.225
318,Request For Payment FINAL_APPROVED by DIRECTOR,organizational unit 65458,task 427,True,0.0,project 503,STAFF MEMBER,DIRECTOR,229.28571428571428,137.42857142857142,3673.5,114.0,3170.0,848.1428571428571,191.21428571428572,4679.709874001647,3060.433581321632,4327.574846791799,1185.0207095593912,177091.225
319,Request For Payment SAVED by EMPLOYEE,organizational unit 65455,task 427,True,0.0,project 503,STAFF MEMBER,EMPLOYEE,491.3333333333333,139.0,3759.0,112.66666666666667,3170.0,0.0,249.33333333333334,2333.451819782372,840.4752172100856,1272.1354799214116,614.02506511844,100576.34999999999
320,Declaration APPROVED by SUPERVISOR,organizational unit 65458,task 427,False,missing,missing,STAFF MEMBER,SUPERVISOR,396.328125,139.0,3850.921875,121.734375,2898.59375,0.0,4.484375,2815.178869718712,38.29440913699678,3109.241382301086,-341.35802145911146,149251.49583333332
321,Declaration FINAL_APPROVED by DIRECTOR,organizational unit 65458,task 427,False,missing,missing,STAFF MEMBER,DIRECTOR,402.6190476190476,139.0,3854.6349206349205,122.46031746031746,2901.4603174603176,0.0,4.555555555555555,2796.370519871254,38.90225690107609,3113.6845081778574,-302.7295888188457,147935.75767195763
322,Permit REJECTED by SUPERVISOR,organizational unit 65458,missing,False,0.0,project 503,STAFF MEMBER,SUPERVISOR,242.5,139.0,3712.8333333333335,184.66666666666666,3170.0,858.6666666666666,165.66666666666666,3175.333154003643,1499.698472339984,4009.5488169526157,-721.5058942972383,195237.23888888888
323,Declaration APPROVED by SUPERVISOR,organizational unit 65458,missing,True,0.0,project 503,STAFF MEMBER,SUPERVISOR,246.53846153846155,139.0,3720.0,175.92307692307693,3170.0,865.7692307692307,125.6923076923077,3885.564085366675,1662.6165189860285,3494.413118048156,737.6238681547431,162642.77435897433
324,Declaration FINAL_APPROVED by DIRECTOR,organizational unit 65458,missing,True,0.0,project 503,STAFF MEMBER,DIRECTOR,246.53846153846155,139.0,3720.0,175.92307692307693,3170.0,865.7692307692307,125.6923076923077,3885.564085366675,1662.6165189860285,3494.413118048156,737.6238681547431,162642.77435897433
325,Permit APPROVED by PRE_APPROVER,organizational unit 65455,task 427,True,0.0,project 503,STAFF MEMBER,PRE_APPROVER,361.7037037037037,137.93827160493828,3780.456790123457,125.80246913580247,3170.0,882.1358024691358,195.97530864197532,1553.0525443787028,778.0262642791131,1548.8459984485758,22.275055188484956,173754.12016460905
326,Request For Payment REJECTED by PRE_APPROVER,organizational unit 65455,missing,True,0.0,project 503,STAFF MEMBER,PRE_APPROVER,236.5,137.5,3722.8333333333335,120.58333333333333,3170.0,867.0833333333334,174.25,1822.3098144737821,541.8597219647704,2261.293049274729,-128.86511572391552,205153.28472222225
327,Request For Payment APPROVED by PRE_APPROVER,organizational unit 65455,task 427,True,0.0,project 503,STAFF MEMBER,PRE_APPROVER,374.60176991150445,138.141592920354,3740.902654867257,118.61946902654867,3170.0,870.7433628318585,205.97345132743362,1771.1577494548367,693.4655396185055,1694.6401666041024,83.49260572715768,184769.88097345133
328,Declaration REJECTED by PRE_APPROVER,organizational unit 65455,task 427,True,0.0,project 503,STAFF MEMBER,PRE_APPROVER,380.14285714285717,139.0,3734.785714285714,126.71428571428571,3170.0,866.3571428571429,181.85714285714286,2097.1010281094977,1078.1270700027983,1542.9098730873209,475.6238165594758,150661.7119047619
329,Permit APPROVED by PRE_APPROVER,organizational unit 65455,missing,False,missing,missing,STAFF MEMBER,PRE_APPROVER,74.75,136.1875,3535.1875,115.8125,2665.5,0.0,0.0,678.5036179583959,239.25,823.1566702472405,-346.81083496990993,115865.37291666667
330,Declaration APPROVED by PRE_APPROVER,organizational unit 65455,missing,False,missing,missing,STAFF MEMBER,PRE_APPROVER,66.44444444444444,135.38888888888889,3535.8888888888887,121.77777777777777,2665.8333333333335,0.0,0.0,817.6638339156084,212.66666666666666,876.424212820433,-324.7696326709369,124130.81574074076
331,Declaration APPROVED by PRE_APPROVER,organizational unit 65455,task 427,True,0.0,project 503,STAFF MEMBER,PRE_APPROVER,395.22727272727275,138.02272727272728,3739.5227272727275,123.9090909090909,3170.0,870.4090909090909,204.89772727272728,1665.6660025766862,807.1305519567886,1664.5295920743831,12.806781522280488,173640.33806818182
332,Declaration REJECTED by MISSING,organizational unit 65455,task 427,False,0.0,project 503,STAFF MEMBER,missing,461.7368421052632,138.0,3728.1052631578946,129.47368421052633,3170.0,865.578947368421,201.6315789473684,1888.5863108624746,1014.2349021782395,1941.0243829531967,1.1317837971696103,192080.0166666667
333,Declaration REJECTED by MISSING,organizational unit 65458,task 427,False,missing,missing,STAFF MEMBER,missing,407.68,136.44,3854.6,122.92,2891.98,0.0,0.0,1008.8150680009095,348.84,1179.0686136887418,-204.44719564180485,113768.67966666669
334,Permit APPROVED by PRE_APPROVER,organizational unit 65455,task 427,False,missing,missing,STAFF MEMBER,PRE_APPROVER,384.7773722627737,137.55109489051094,3857.795620437956,119.77372262773723,2894.0109489051097,0.0,2.8686131386861313,716.8663893268148,322.4219061945763,884.8950590563965,-201.09560974774598,99180.61253041362
335,Declaration APPROVED by PRE_APPROVER,organizational unit 65455,task 427,False,missing,missing,STAFF MEMBER,PRE_APPROVER,404.5752508361204,137.32441471571906,3833.903010033445,124.72240802675586,2874.5284280936453,0.0,1.6020066889632107,902.2831607142725,318.456355727745,1170.1737801154848,-348.63838211308064,119078.28177257525
336,Permit REJECTED by PRE_APPROVER,organizational unit 65458,task 427,False,missing,missing,STAFF MEMBER,PRE_APPROVER,170.66666666666666,139.0,3521.0,107.0,2657.3333333333335,0.0,0.0,1109.0899626839903,128.33333333333334,994.628982081396,-218.20717353376858,128163.0111111111
337,Permit APPROVED by PRE_APPROVER,organizational unit 65455,task 427,False,missing,missing,STAFF MEMBER,PRE_APPROVER,285.61842105263156,138.67105263157896,0.7631578947368421,111.48684210526316,3163.7368421052633,44.76315789473684,10.0,215.1628842076673,153.71413390601455,801.5810221167491,-618.8973214496617,238304.9103070175
338,Declaration APPROVED by PRE_APPROVER,organizational unit 65455,task 427,False,missing,missing,STAFF MEMBER,PRE_APPROVER,303.0625,138.21875,0.6875,129.5,3145.25,104.375,30.8125,920.3070356616774,463.325547712063,1412.382978468045,-455.01887796162555,122312.36302083333
339,Declaration REJECTED by PRE_APPROVER,organizational unit 65455,task 427,False,missing,missing,STAFF MEMBER,PRE_APPROVER,144.5,139.0,3545.5,72.5,2672.5,0.0,0.0,1181.8639100139796,188.5,1091.5502898646084,-232.89531396290613,120266.3
340,Declaration REJECTED by MISSING,organizational unit 65458,missing,False,missing,missing,STAFF MEMBER,missing,0.0,132.33333333333334,3533.6666666666665,179.33333333333334,2664.3333333333335,0.0,0.0,1479.7679668572882,222.0,1267.5092287585703,-152.0932628193374,184120.83333333334
341,Declaration REJECTED by SUPERVISOR,organizational unit 65458,task 427,False,missing,missing,STAFF MEMBER,SUPERVISOR,420.2608695652174,138.69565217391303,3827.608695652174,124.0,2869.1739130434785,0.0,0.0,1258.3088932723265,341.3478260869565,1488.2527405146402,-317.7078933831766,141812.50289855074
342,Request For Payment REJECTED by MISSING,organizational unit 65455,task 427,True,0.0,project 503,STAFF MEMBER,missing,409.25,139.0,3658.0,91.25,3170.0,846.75,242.5,4331.937454577299,1058.845430984732,2671.165277853147,1689.0158117955784,225201.30833333332
343,Declaration REJECTED by PRE_APPROVER,organizational unit 65455,task 427,False,missing,missing,STAFF MEMBER,PRE_APPROVER,426.275,135.4,3845.75,108.625,2881.025,0.0,0.0,629.6276978644139,349.35,786.9153247015705,-202.57644346083316,90819.78625
344,Request For Payment APPROVED by PRE_APPROVER,organizational unit 65455,task 427,True,0.0,project 503,STAFF MEMBER,PRE_APPROVER,301.4,139.0,0.0,123.2,3170.0,852.0,197.2,2077.6995919938754,1434.305324480615,2226.2455475512797,331.45762073995917,183460.55333333334
345,Request For Payment REJECTED by SUPERVISOR,organizational unit 65458,task 427,False,0.0,project 503,STAFF MEMBER,SUPERVISOR,462.75,139.0,3747.25,176.25,3170.0,873.25,143.0,1217.1746625619326,658.9776457003586,1537.0702748191666,-318.87391494636756,163266.87916666665
346,Permit REJECTED by PRE_APPROVER,organizational unit 65455,task 427,True,0.0,project 503,STAFF MEMBER,PRE_APPROVER,329.7142857142857,127.85714285714286,3763.5714285714284,142.14285714285714,3170.0,880.8571428571429,142.28571428571428,1432.0085171379378,625.7740585920546,1159.6652815238424,399.1155701483879,225925.5857142857
347,Request For Payment REJECTED by MISSING,organizational unit 65455,missing,False,0.0,project 503,STAFF MEMBER,missing,277.5,139.0,0.0,117.0,3170.0,838.5,260.5,2305.8322833897028,1152.9161416948514,2078.0753861583507,338.386707539133,235607.025
348,Permit REJECTED by SUPERVISOR,organizational unit 65458,task 427,False,missing,missing,STAFF MEMBER,SUPERVISOR,334.4166666666667,139.0,3885.0833333333335,112.0,2910.5833333333335,0.0,0.0,1132.8331293946517,197.75,1332.4869419300355,-139.60699690509844,108416.02777777777
349,Permit REJECTED by MISSING,organizational unit 65458,task 427,False,missing,missing,STAFF MEMBER,missing,344.2,139.0,3916.4,154.9,2932.2,0.0,0.0,944.4640942975429,542.8,1995.1428405298357,-672.8436188431594,145563.80333333332
350,Declaration REJECTED by DIRECTOR,organizational unit 65458,missing,False,missing,missing,STAFF MEMBER,DIRECTOR,0.0,139.0,3617.0,76.0,2718.0,0.0,0.0,4000.1049101085778,0.0,2829.324452064443,-2774.949277795858,232143.0
351,Declaration REJECTED by MISSING,organizational unit 65455,task 427,False,0.0,missing,STAFF MEMBER,missing,335.75,139.0,0.25,116.75,3170.0,429.0,113.0,2146.2529324691,1068.3762227729849,1674.9882559932457,232.53557392336137,149755.45833333334
352,Permit REJECTED by PRE_APPROVER,organizational unit 65455,task 427,False,missing,missing,STAFF MEMBER,PRE_APPROVER,461.54545454545456,139.0,3946.4545454545455,135.27272727272728,3001.4545454545455,0.0,0.0,1024.0181222456654,178.54545454545453,1184.3839055540552,-40.445736588865344,184377.55606060603
353,Permit REJECTED by PRE_APPROVER,organizational unit 65455,task 427,False,missing,missing,STAFF MEMBER,PRE_APPROVER,254.33333333333334,139.0,0.0,155.66666666666666,3170.0,0.0,0.0,0.0,0.0,1156.994665234116,-1113.210054854084,87642.95555555557
354,Request For Payment REJECTED by PRE_APPROVER,organizational unit 65455,task 427,False,0.0,project 503,STAFF MEMBER,PRE_APPROVER,696.0,139.0,3798.0,126.0,3170.0,0.0,325.0,49.43557366125924,25.01883045144973,395.03416502289065,-336.0919507041545,70598.31666666667
355,Permit REJECTED by MISSING,organizational unit 65458,task 427,False,0.0,project 503,STAFF MEMBER,missing,451.85714285714283,139.0,3985.4285714285716,177.71428571428572,3170.0,940.4285714285714,171.85714285714286,2758.7322369365197,1317.2970049060334,3144.812042572754,9.539973773176339,194744.5095238095
356,Declaration REJECTED by PRE_APPROVER,organizational unit 65455,missing,False,missing,missing,STAFF MEMBER,PRE_APPROVER,0.0,139.0,0.0,167.33333333333334,3061.3333333333335,306.6666666666667,0.0,674.311693965211,238.7030318723529,1266.5717200276597,-1330.391225752071,162364.9833333333
357,Declaration REJECTED by BUDGET OWNER,organizational unit 65458,task 427,False,missing,missing,STAFF MEMBER,BUDGET OWNER,712.0,139.0,3928.0,199.0,3170.0,0.0,0.0,3002.9985625313884,0.0,4025.992956794774,-600.5997125062772,171698.4
358,Request For Payment SAVED by EMPLOYEE,organizational unit 65458,task 427,True,0.0,project 503,STAFF MEMBER,EMPLOYEE,697.0,139.0,4003.0,203.0,3170.0,943.0,322.0,4356.871421656781,1394.1606314427809,5809.002631011587,31.257063916056723,111136.25
359,Declaration REJECTED by BUDGET OWNER,organizational unit 65456,task 427,False,0.0,project 503,STAFF MEMBER,BUDGET OWNER,752.0,139.0,4200.0,97.0,3170.0,1000.0,357.0,1218.179215152773,617.014316223347,1207.7575971184272,-319.5373157930222,139541.78333333333
360,Permit REJECTED by ADMINISTRATION,organizational unit 65454,task 427,False,missing,missing,STAFF MEMBER,ADMINISTRATION,763.3333333333334,139.0,4233.333333333333,165.33333333333334,3160.3333333333335,0.0,0.0,888.9256790193391,222.66666666666666,903.3313888955078,-110.96671673368225,74695.96111111112
